Ballot leakage candidate dataset,,,,,,,,,,,,,,
408 verified sentences from 54 source-qualified ballot records. Original and added annotations are preserved.,,,,,,,,,,,,,,
,,,,,,,,,,,,,,
sentence_id,ballot_id,judge_id,actual_ballot,section,sentence,previous_sentence,next_sentence,leakage_strength,leakage_direction,needs_context,annotation_uncertain,uncertainty_reason,data_source,ballot_record_id
FA_R1_301_S001,FA_R1_301,Jingxuan Zhang,CON,Comments to PRO,"Strong emotional and human-centered framing (well-being, sustainable productivity).",,Good use of international case studies.,0,NEUTRAL,NO,,,original_verified_300,original_verified_300::FA_R1_301
FA_R1_301_S004,FA_R1_301,Jingxuan Zhang,CON,Comments to PRO,Engage more directly with anticipated harms; don’t just state benefits—prove outweighing.,Needed clearer mechanism for how productivity would stay stable in non-office sectors.,Brought automation and AI as forward-looking arguments.,0,NEUTRAL,NO,,,original_verified_300,original_verified_300::FA_R1_301
FA_R1_301_S007,FA_R1_301,Jingxuan Zhang,CON,Comments to PRO,Arguments turned into evidence stacking without responding to the Con’s tech safety concerns.,Tried to shift debate to future development rather than current limits.,"Did not demonstrate that AI is reliable in high-risk work, especially healthcare.",1,CON,YES,,,original_verified_300,original_verified_300::FA_R1_301
FA_R1_301_S010,FA_R1_301,Jingxuan Zhang,CON,Comments to CON,"Effective framing around survival (medicine, food distribution, emergency care).",Most impactful argument of the round: essential services cannot stop.,"Showed national-scale consequences, not individual inconvenience.",0,NEUTRAL,NO,,,original_verified_300,original_verified_300::FA_R1_301
FA_R1_301_S014,FA_R1_301,Jingxuan Zhang,CON,Comments to CON,Offered rebuttals addressing Pro’s assumptions (productivity ≠ solution to shortages).,"Provided the debate’s strongest contextualization (GDP structure, market pressure).",Highlighted realistic risks of AI adoption.,0,NEUTRAL,NO,,,original_verified_300,original_verified_300::FA_R1_301
FA_R1_301_S016,FA_R1_301,Jingxuan Zhang,CON,Comments to CON,Some arguments could sound too broad—clarity and signposting would improve persuasiveness.,Highlighted realistic risks of AI adoption.,,0,NEUTRAL,NO,,,original_verified_300,original_verified_300::FA_R1_301
FA_R1_301_S017,FA_R1_301,Jingxuan Zhang,CON,Reason for Decision,I vote for the Con side.,,"The central clash of this debate was whether China should embrace a four-day work week given its national-scale responsibilities and structural limitations, particularly in sectors essential to public safety, service continuity, and economic stability.",2,CON,NO,,,original_verified_300,original_verified_300::FA_R1_301
FA_R1_301_S020,FA_R1_301,Jingxuan Zhang,CON,Reason for Decision,"However, the Con successfully argued that these trials do not translate to China’s labor-intensive economy, essential supply chains, and overstretched healthcare system.","The Pro presented compelling evidence about improvements in efficiency, mental health, and environmental outcomes from international trials in Iceland, the UK, and corporate experiments in China.","Con also presented the structural reality that core public services—doctors, emergency response, distribution logistics—cannot reduce manpower without endangering vulnerable populations or increasing mortality risk.",1,CON,NO,,,original_verified_300,original_verified_300::FA_R1_301
FA_R1_301_S021,FA_R1_301,Jingxuan Zhang,CON,Reason for Decision,"Con also presented the structural reality that core public services—doctors, emergency response, distribution logistics—cannot reduce manpower without endangering vulnerable populations or increasing mortality risk.","However, the Con successfully argued that these trials do not translate to China’s labor-intensive economy, essential supply chains, and overstretched healthcare system.","Where Pro relied heavily on external examples, Con contextualized the debate to China specifically.",0,NEUTRAL,NO,,,original_verified_300,original_verified_300::FA_R1_301
FA_R1_301_S023,FA_R1_301,Jingxuan Zhang,CON,Reason for Decision,"Regarding Pro’s proposed solution—using AI to offset staff shortages—Con demonstrated that current AI in medicine carries misinformation risk and cannot safely replace human judgment, leaving the Pro’s solution speculative rather than practical.","Where Pro relied heavily on external examples, Con contextualized the debate to China specifically.","Con won by providing clearer causal logic, by contextualizing the economic and healthcare burden uniquely faced by China, and by demonstrating harms that affect national stability and essential services.",1,CON,NO,,,original_verified_300,original_verified_300::FA_R1_301
FA_R1_301_S024,FA_R1_301,Jingxuan Zhang,CON,Reason for Decision,"Con won by providing clearer causal logic, by contextualizing the economic and healthcare burden uniquely faced by China, and by demonstrating harms that affect national stability and essential services.","Regarding Pro’s proposed solution—using AI to offset staff shortages—Con demonstrated that current AI in medicine carries misinformation risk and cannot safely replace human judgment, leaving the Pro’s solution speculative rather than practical.","Therefore, the Con side more convincingly showed that China is currently not positioned to embrace a four-day work week without severe negative consequences.",2,CON,NO,,,original_verified_300,original_verified_300::FA_R1_301
FA_R1_304_S003,FA_R1_304,Dennis Mutungwo,PRO,Comments to PRO,Good structure and impact explanation.,Strong explanation of how reduced burnout increases productivity and improves work performance.,The link between worker health and economic growth was well developed.,0,NEUTRAL,NO,,,original_verified_300,original_verified_300::FA_R1_304
FA_R1_304_S004,FA_R1_304,Dennis Mutungwo,PRO,Comments to PRO,The link between worker health and economic growth was well developed.,Good structure and impact explanation.,"To improve, try adding more China-specific data to make the case even stronger.",0,NEUTRAL,NO,,,original_verified_300,original_verified_300::FA_R1_304
FA_R1_304_S008,FA_R1_304,Dennis Mutungwo,PRO,Comments to PRO,"To improve, make your final focus more selective by choosing only your two strongest impacts and pressing CON harder in crossfire.",You did well in impact weighing and clearly explained why long-term benefits matter more than short-term costs.,,0,NEUTRAL,NO,,,original_verified_300,original_verified_300::FA_R1_304
FA_R1_304_S009,FA_R1_304,Dennis Mutungwo,PRO,Comments to CON,Good constructive speech with clear concerns about production loss and business impact.,,The direction of the case was reasonable.,0,NEUTRAL,NO,,,original_verified_300,original_verified_300::FA_R1_304
FA_R1_304_S012,FA_R1_304,Dennis Mutungwo,PRO,Comments to CON,"Your delivery was very slow and broken into small parts, which weakened the force of your arguments.","To improve, use stronger evidence and real examples from China to better support your claims.","In crossfire, you did not answer PRO’s questions directly.",0,NEUTRAL,NO,,,original_verified_300,original_verified_300::FA_R1_304
FA_R1_304_S014,FA_R1_304,Dennis Mutungwo,PRO,Comments to CON,"To improve, work on smoother speaking flow, give clearer direct answers in crossfire, and strengthen your rebuttals with stronger evidence and impact comparison.","In crossfire, you did not answer PRO’s questions directly.","You also need to improve on maintaining eye contact with the judge and opponents, and avoid reading too much from your notes so your delivery sounds more confident and natural.",0,NEUTRAL,NO,,,original_verified_300,original_verified_300::FA_R1_304
FA_R1_304_S016,FA_R1_304,Dennis Mutungwo,PRO,Reason for Decision,"I voted PRO because they clearly proved that a four-day work week increases productivity by reducing burnout and improving worker health, which leads to higher output per hour.",,"PRO also showed that companies benefit from lower medical costs and reduced employee turnover, strengthening long-term economic efficiency.",2,PRO,NO,,,original_verified_300,original_verified_300::FA_R1_304
FA_R1_304_S017,FA_R1_304,Dennis Mutungwo,PRO,Reason for Decision,"PRO also showed that companies benefit from lower medical costs and reduced employee turnover, strengthening long-term economic efficiency.","I voted PRO because they clearly proved that a four-day work week increases productivity by reducing burnout and improving worker health, which leads to higher output per hour.","In contrast, CON mainly argued that production and profits would decrease, but these claims were mostly theoretical and not supported with strong real-world evidence.",0,NEUTRAL,NO,,,original_verified_300,original_verified_300::FA_R1_304
FA_R1_304_S018,FA_R1_304,Dennis Mutungwo,PRO,Reason for Decision,"In contrast, CON mainly argued that production and profits would decrease, but these claims were mostly theoretical and not supported with strong real-world evidence.","PRO also showed that companies benefit from lower medical costs and reduced employee turnover, strengthening long-term economic efficiency.","PRO won the weighing by explaining that long-term benefits to workers, families, and social stability outweigh short-term adjustment costs.",1,PRO,YES,,,original_verified_300,original_verified_300::FA_R1_304
FA_R1_304_S019,FA_R1_304,Dennis Mutungwo,PRO,Reason for Decision,"PRO won the weighing by explaining that long-term benefits to workers, families, and social stability outweigh short-term adjustment costs.","In contrast, CON mainly argued that production and profits would decrease, but these claims were mostly theoretical and not supported with strong real-world evidence.","For these reasons, PRO wins on both economic sustainability and social welfare",2,PRO,NO,,,original_verified_300,original_verified_300::FA_R1_304
FA_R1_304_S020,FA_R1_304,Dennis Mutungwo,PRO,Reason for Decision,"For these reasons, PRO wins on both economic sustainability and social welfare","PRO won the weighing by explaining that long-term benefits to workers, families, and social stability outweigh short-term adjustment costs.",,2,PRO,NO,,,original_verified_300,original_verified_300::FA_R1_304
FA_R1_306_S001,FA_R1_306,Eric Tukei,PRO,Comments to PRO,I was impressed with the straightforward contentions with ample evidence and impacts to weigh in.,,Good offense and defence in the crossfire to effectively stand by your contentions as you counter your opponents claims effectively.,0,NEUTRAL,NO,,,original_verified_300,original_verified_300::FA_R1_306
FA_R1_306_S002,FA_R1_306,Eric Tukei,PRO,Comments to PRO,Good offense and defence in the crossfire to effectively stand by your contentions as you counter your opponents claims effectively.,I was impressed with the straightforward contentions with ample evidence and impacts to weigh in.,I liked the straighfoward and direct summary speech to reaffirm your contentions.,0,NEUTRAL,NO,,,original_verified_300,original_verified_300::FA_R1_306
FA_R1_306_S003,FA_R1_306,Eric Tukei,PRO,Comments to PRO,I liked the straighfoward and direct summary speech to reaffirm your contentions.,Good offense and defence in the crossfire to effectively stand by your contentions as you counter your opponents claims effectively.,Keep up the good job.,0,NEUTRAL,NO,,,original_verified_300,original_verified_300::FA_R1_306
FA_R1_306_S005,FA_R1_306,Eric Tukei,PRO,Comments to CON,Good contentions however you need to provide more case scenarios to weigh in on your contentions.,,"Also, prepare short and precise questions in the crossfire to counter your opponents claims as you didn't fully question your opponents contentions effectively.",0,NEUTRAL,NO,,,original_verified_300,original_verified_300::FA_R1_306
FA_R1_306_S006,FA_R1_306,Eric Tukei,PRO,Comments to CON,"Also, prepare short and precise questions in the crossfire to counter your opponents claims as you didn't fully question your opponents contentions effectively.",Good contentions however you need to provide more case scenarios to weigh in on your contentions.,"Also, summarize your contentions in the summary speech rather than rebut your opponents points.",1,PRO,NO,,,original_verified_300,original_verified_300::FA_R1_306
FA_R1_306_S007,FA_R1_306,Eric Tukei,PRO,Comments to CON,"Also, summarize your contentions in the summary speech rather than rebut your opponents points.","Also, prepare short and precise questions in the crossfire to counter your opponents claims as you didn't fully question your opponents contentions effectively.",,0,NEUTRAL,NO,,,original_verified_300,original_verified_300::FA_R1_306
FA_R1_306_S008,FA_R1_306,Eric Tukei,PRO,Reason for Decision,This a pro Ballot.,,"On the Productivity clash, the pro side clearly showed how the 4 days will increase productivity significantly and cited how it's already benefitting the the cities implemented in China.",2,PRO,NO,,,original_verified_300,original_verified_300::FA_R1_306
FA_R1_306_S009,FA_R1_306,Eric Tukei,PRO,Reason for Decision,"On the Productivity clash, the pro side clearly showed how the 4 days will increase productivity significantly and cited how it's already benefitting the the cities implemented in China.",This a pro Ballot.,They stated that it will create a state of urgency and increase innovation and improve their mental health significantly.,0,NEUTRAL,YES,,,original_verified_300,original_verified_300::FA_R1_306
FA_R1_306_S011,FA_R1_306,Eric Tukei,PRO,Reason for Decision,The con side failed to fully rebut this.,They stated that it will create a state of urgency and increase innovation and improve their mental health significantly.,"On the consumer increase clash, the con side highlighted how it will reduce customers due to the limited 4 days of work thus high customer dissatisfaction.",1,PRO,YES,,,original_verified_300,original_verified_300::FA_R1_306
FA_R1_306_S012,FA_R1_306,Eric Tukei,PRO,Reason for Decision,"On the consumer increase clash, the con side highlighted how it will reduce customers due to the limited 4 days of work thus high customer dissatisfaction.",The con side failed to fully rebut this.,The pro side countered this and stated how this will boost the local SMEs and boost their businesses significantly.,0,NEUTRAL,NO,,,original_verified_300,original_verified_300::FA_R1_306
FA_R1_306_S013,FA_R1_306,Eric Tukei,PRO,Reason for Decision,The pro side countered this and stated how this will boost the local SMEs and boost their businesses significantly.,"On the consumer increase clash, the con side highlighted how it will reduce customers due to the limited 4 days of work thus high customer dissatisfaction.","They further added how due to the three day rest days, it aid in reducing workers' stress and regional gap.",1,PRO,NO,,,original_verified_300,original_verified_300::FA_R1_306
FA_R1_309_S007,FA_R1_309,Chang Liu,PRO,Comments to PRO,"When you summarize, spend a bit more time weighing impacts: for example, ""Even if there is some short-term adjustment cost, protecting millions of workers from burnout and mental illness is a larger and more certain impact than CON's speculative economic losses"".",This helped clarify mis understandings from the CON side.,Stating the comparison explicitly will make your weighing more persuasive.,0,NEUTRAL,NO,,,original_verified_300,original_verified_300::FA_R1_309
FA_R1_309_S009,FA_R1_309,Chang Liu,PRO,Comments to PRO,"Continue to work on using your preparation time to write short, sharp taglines (""Healthier workers, stronger China"") so your main points are easy for the judge to flow and remember.",Stating the comparison explicitly will make your weighing more persuasive.,"Overall, you showed strong understanding of the topic and a good command of evidence.",0,NEUTRAL,NO,,,original_verified_300,original_verified_300::FA_R1_309
FA_R1_309_S025,FA_R1_309,Chang Liu,PRO,Comments to PRO,Explicitly connecting their weak answer to your weighing will make the judge write it down as a clear win for you.,"For example: If you cannot explain the mechanism of higher labor costs, doesn't that mean your economic impact is speculative?","When you say things like China will work out like Australia, add one or two specific similarities (for example, both are export-oriented or have service sectors that benefit from innovation).",0,NEUTRAL,NO,,,original_verified_300,original_verified_300::FA_R1_309
FA_R1_309_S044,FA_R1_309,Chang Liu,PRO,Comments to CON,"This is a strong idea, but you need more reasons and examples to support it.","In summary, you repeated that four-day work weeks would damage national competitiveness and that foreign models cannot be replicated in China.","Consider pointing to specific industries (e.g., electronics manufacturing, logistics) and explaining how they would struggle.",0,NEUTRAL,NO,,,original_verified_300,original_verified_300::FA_R1_309
FA_R1_309_S058,FA_R1_309,Chang Liu,PRO,Comments to CON,"In future rounds, prepare a simple causal chain you can always fall back on (e.g., less time → less output per worker → higher cost per unit → factories lose foreign orders → layoffs).","When PRO Speaker 2 pushed you in crossfire to explain the mechanism behind economic loss, your answer was not very detailed.",Having this ready will make you sound confident and analytical.,0,NEUTRAL,NO,,,original_verified_300,original_verified_300::FA_R1_309
FA_R1_309_S063,FA_R1_309,Chang Liu,PRO,Comments to CON,Making that explicit comparison will help the judge see why your side should win the weighing.,"In final focus, try to directly compare your impacts to PRO's: Even if PRO is right that mental health improves somewhat, if millions of workers lose jobs or suffer wage cuts, the net well-being of society decreases.","Also, think about using a bit more evidence, statistics or expert quotes, to support claims about unemployment or business failures.",0,NEUTRAL,NO,,,original_verified_300,original_verified_300::FA_R1_309
FA_R1_309_S068,FA_R1_309,Chang Liu,PRO,Reason for Decision,Pro side won.,,"PRO Speaker 1 built a clear case that a four-day work week would significantly improve workers' mental health, job satisfaction, and overall well-being, and supported this with relevant statistics and international examples.",2,PRO,NO,,,original_verified_300,original_verified_300::FA_R1_309
FA_R1_309_S069,FA_R1_309,Chang Liu,PRO,Reason for Decision,"PRO Speaker 1 built a clear case that a four-day work week would significantly improve workers' mental health, job satisfaction, and overall well-being, and supported this with relevant statistics and international examples.",Pro side won.,"CON did respond that mental health is ""small"" compared with large-scale financial loss, but this was mostly asserted rather than weighed with comparable evidence.",1,PRO,YES,,,original_verified_300,original_verified_300::FA_R1_309
FA_R1_309_S073,FA_R1_309,Chang Liu,PRO,Reason for Decision,"On this clash, I give the advantage to PRO because they presented clear mechanisms (rest → better mental health → sustainable productivity) and defended them throughout the round, whereas CON did not give equally detailed analysis explaining how the economic loss would actually outweigh these human impacts.",This impact was never fully answered by CON.,"PRO argued that a four-day work week can maintain or even increase productivity, since workers return more focused and motivated, and they also briefly touched on environmental benefits (less commuting, lower carbon footprint).",2,PRO,YES,,,original_verified_300,original_verified_300::FA_R1_309
FA_R1_309_S083,FA_R1_309,Chang Liu,PRO,Reason for Decision,"In crossfire and grand crossfire, CON Speaker 1 asked a smart question about how the government could regulate four days when it cannot even fully solve 996 now.","PRO answered by clarifying that they envisioned full-time four-day work weeks mainly for standard full-time sectors, and that agriculture and hourly manufacturing work could be treated more flexibly (workers can choose hours; policy can be adapted by sector).","However, this challenge was not fully followed up or weighed in later speeches.",1,CON,YES,,,original_verified_300,original_verified_300::FA_R1_309
FA_R1_309_S088,FA_R1_309,Chang Liu,PRO,Reason for Decision,"Based on the arguments as debated in this round, that is why my ballot goes to PRO.","When I look at the round as a whole, the PRO side gave more consistent, well-supported offense on mental health and sustained productivity, and defended it better under questioning, while CON relied heavily on big economic warnings without fully explaining the mechanisms or engaging with all of PRO's impacts.",,2,PRO,NO,,,original_verified_300,original_verified_300::FA_R1_309
FA_R1_310_S003,FA_R1_310,Riley Zhao,CON,Comments to PRO,"In this debate, your rebuttal part was well done.",You are all wonderful!,"You successfully hit the key points of the opposing side, such as focusing on the physical and mental health of the staff, as well as how AI can help improve efficiency, etc.",1,PRO,NO,,,original_verified_300,original_verified_300::FA_R1_310
FA_R1_310_S006,FA_R1_310,Riley Zhao,CON,Comments to PRO,"Finally, in the summary part, do not repeat the examples you mentioned earlier multiple times.","However, in terms of argument presentation, you need to pay more attention to the completeness of the logical chain rather than just stacking stories.","You should concisely summarize your argument and also state the points that your opponent failed to make, and emphasize to the judges what contributions you have made to this debate.",0,NEUTRAL,NO,,,original_verified_300,original_verified_300::FA_R1_310
FA_R1_310_S007,FA_R1_310,Riley Zhao,CON,Comments to PRO,"You should concisely summarize your argument and also state the points that your opponent failed to make, and emphasize to the judges what contributions you have made to this debate.","Finally, in the summary part, do not repeat the examples you mentioned earlier multiple times.",,0,NEUTRAL,NO,,,original_verified_300,original_verified_300::FA_R1_310
FA_R1_310_S010,FA_R1_310,Riley Zhao,CON,Comments to CON,"During the rebuttal part, your arguments lack logical coherence.","However, there are some suggestions.","For instance, how did the four-day working week cause an economic crisis?",0,NEUTRAL,NO,,,original_verified_300,original_verified_300::FA_R1_310
FA_R1_310_S012,FA_R1_310,Riley Zhao,CON,Comments to CON,"The logical starting point was the policy of the four-day working week, but what were the specific details?","For instance, how did the four-day working week cause an economic crisis?","You should provide me with a more detailed explanation; otherwise, it won't be convincing.",0,NEUTRAL,NO,,,original_verified_300,original_verified_300::FA_R1_310
FA_R1_310_S013,FA_R1_310,Riley Zhao,CON,Comments to CON,"You should provide me with a more detailed explanation; otherwise, it won't be convincing.","The logical starting point was the policy of the four-day working week, but what were the specific details?",,0,NEUTRAL,NO,,,original_verified_300,original_verified_300::FA_R1_310
FA_R1_310_S014,FA_R1_310,Riley Zhao,CON,Reason for Decision,"Both sides have presented their arguments very well, but the Pro side has failed to establish a logical connection.",,"They have used many examples, such as those from Zhejiang, Chengdu, and Beijing.",1,CON,NO,,,original_verified_300,original_verified_300::FA_R1_310
FA_R1_310_S016,FA_R1_310,Riley Zhao,CON,Reason for Decision,"Although I know you have conducted a lot of research, logical analysis is the key to victory.","They have used many examples, such as those from Zhejiang, Chengdu, and Beijing.",Both sides have been debating about AI and hospitals.,0,NEUTRAL,NO,,,original_verified_300,original_verified_300::FA_R1_310
FA_R1_310_S018,FA_R1_310,Riley Zhao,CON,Reason for Decision,"However, the Pro side has a problem - they keep repeating the examples they have already mentioned.",Both sides have been debating about AI and hospitals.,"If it's just a list of examples, both sides will have many of them.",1,CON,NO,,,original_verified_300,original_verified_300::FA_R1_310
FA_R1_310_S019,FA_R1_310,Riley Zhao,CON,Reason for Decision,"If it's just a list of examples, both sides will have many of them.","However, the Pro side has a problem - they keep repeating the examples they have already mentioned.","So, please focus more on improving the logical chain.",0,NEUTRAL,NO,,,original_verified_300,original_verified_300::FA_R1_310
FA_R1_310_S021,FA_R1_310,Riley Zhao,CON,Reason for Decision,"For instance, what you said about AI helping to increase work efficiency is good, but how can you also take into account more groups?","So, please focus more on improving the logical chain.",You can provide more extensions,0,NEUTRAL,NO,,,original_verified_300,original_verified_300::FA_R1_310
FA_R1_B1-202_S001,FA_R1_B1-202,Cindy Huang,PRO,Comments to PRO,"I like your argument that childcare can amplify the value of subsidies, that even if families receive money, they still need someone to provide care.",,Childcare infrastructure allows financial support to translate into actual fertility decisions.,0,NEUTRAL,NO,,,original_verified_300,original_verified_300::FA_R1_B1-202
FA_R1_B1-202_S002,FA_R1_B1-202,Cindy Huang,PRO,Comments to PRO,Childcare infrastructure allows financial support to translate into actual fertility decisions.,"I like your argument that childcare can amplify the value of subsidies, that even if families receive money, they still need someone to provide care.","You need to quantify your cost-benefit analysis, How many families can each policy reach?",0,NEUTRAL,NO,,,original_verified_300,original_verified_300::FA_R1_B1-202
FA_R1_B1-202_S008,FA_R1_B1-202,Cindy Huang,PRO,Comments to PRO,"If you want to argue that infrastructure investment is cheaper or more cost-effective than public childcare, I would need to see evidence supporting that claim.",I think it is reasonable to assume that you would need to continue allocating funds to support housing and healthcare as well.,,0,NEUTRAL,NO,,,original_verified_300,original_verified_300::FA_R1_B1-202
FA_R1_B1-202_S009,FA_R1_B1-202,Cindy Huang,PRO,Comments to CON,"I would recommend that you provide a more direct case study from China, since the Pro side emphasizes that we need to consider China’s unique circumstances in their framework.",,"Additionally, you need to address what proportion of families would benefit more from cash subsidies than from expanding childcare infrastructure.",0,NEUTRAL,NO,,,original_verified_300,original_verified_300::FA_R1_B1-202
FA_R1_B1-202_S010,FA_R1_B1-202,Cindy Huang,PRO,Comments to CON,"Additionally, you need to address what proportion of families would benefit more from cash subsidies than from expanding childcare infrastructure.","I would recommend that you provide a more direct case study from China, since the Pro side emphasizes that we need to consider China’s unique circumstances in their framework.","You also needed to engage with the childcare burden argument because many people may not avoid childbirth because they lack money alone, but because they fear things like career interruption, lack of childcare availability, and how the responsibility falling mainly on women.",0,NEUTRAL,NO,,,original_verified_300,original_verified_300::FA_R1_B1-202
FA_R1_B1-202_S011,FA_R1_B1-202,Cindy Huang,PRO,Comments to CON,"You also needed to engage with the childcare burden argument because many people may not avoid childbirth because they lack money alone, but because they fear things like career interruption, lack of childcare availability, and how the responsibility falling mainly on women.","Additionally, you need to address what proportion of families would benefit more from cash subsidies than from expanding childcare infrastructure.",,0,NEUTRAL,NO,,,original_verified_300,original_verified_300::FA_R1_B1-202
FA_R1_B1-202_S012,FA_R1_B1-202,Cindy Huang,PRO,Reason for Decision,"This is a Pro ballot, but it was a close debate.",,The key question in this debate is which policy should be prioritized under limited government resources.,2,PRO,NO,,,original_verified_300,original_verified_300::FA_R1_B1-202
FA_R1_B1-202_S014,FA_R1_B1-202,Cindy Huang,PRO,Reason for Decision,Pro wins because comparatively they provide a stronger explanation of the root cause of declining fertility: childcare burdens are a long-term structural barrier that affects people's willingness to have children.,The key question in this debate is which policy should be prioritized under limited government resources.,"Pro successfully argues that expanding public childcare reduces recurring costs and opportunity costs, especially for families concerned about balancing childcare responsibilities and employment.",2,PRO,NO,,,original_verified_300,original_verified_300::FA_R1_B1-202
FA_R1_B1-202_S016,FA_R1_B1-202,Cindy Huang,PRO,Reason for Decision,"Con’s argument that direct subsidies provide immediate financial support is persuasive, but they do not sufficiently prove that subsidies actually change people’s decisions about whether to have children, rather than simply supporting families who already planned to have children.","Pro successfully argues that expanding public childcare reduces recurring costs and opportunity costs, especially for families concerned about balancing childcare responsibilities and employment.","However, for both sides, i would like to see a more direct comparison and the marginal impact per dollar spent, for example, how many additional births are created by 10,000 in subsidies?",1,PRO,NO,,,original_verified_300,original_verified_300::FA_R1_B1-202
FA_R1_B1-202_S019,FA_R1_B1-202,Cindy Huang,PRO,Reason for Decision,Which policy changes behavior rather than just providing benefits?,How many families are helped by expanding childcare capacity?,"Ultimately, Pro wins because they provide a stronger causal mechanism from policy->reduced burden->increased willingness to have children.",0,NEUTRAL,NO,,,original_verified_300,original_verified_300::FA_R1_B1-202
FA_R1_B1-202_S020,FA_R1_B1-202,Cindy Huang,PRO,Reason for Decision,"Ultimately, Pro wins because they provide a stronger causal mechanism from policy->reduced burden->increased willingness to have children.",Which policy changes behavior rather than just providing benefits?,,2,PRO,NO,,,original_verified_300,original_verified_300::FA_R1_B1-202
FA_R1_B1-203_S001,FA_R1_B1-203,Tatenda Musekiwa,CON,Comments to PRO,You had really good framework on willingness and birthrate but you failed to address the 100 million labor force lost claim by showing an increase number in birthrates and not infrastructure.,,Never rebutted Con's 50% empty slots claim linked to trust problem.,1,CON,NO,,,original_verified_300,original_verified_300::FA_R1_B1-203
FA_R1_B1-203_S003,FA_R1_B1-203,Tatenda Musekiwa,CON,Comments to PRO,Singapore comparison was weak against Con's GDP-per-capita counter.,Never rebutted Con's 50% empty slots claim linked to trust problem.,You needed to explain why 6.7M places are needed when 50% of existing slots are empty.,0,NEUTRAL,NO,,,original_verified_300,original_verified_300::FA_R1_B1-203
FA_R1_B1-203_S004,FA_R1_B1-203,Tatenda Musekiwa,CON,Comments to PRO,You needed to explain why 6.7M places are needed when 50% of existing slots are empty.,Singapore comparison was weak against Con's GDP-per-capita counter.,,0,NEUTRAL,NO,,,original_verified_300,original_verified_300::FA_R1_B1-203
FA_R1_B1-203_S006,FA_R1_B1-203,Tatenda Musekiwa,CON,Comments to CON,10-day transfer vs. years of infrastructure won urgency.,50%+ empty slots killed Pro's supply argument.,"Trust argument (""lies on trust"") effectively undermined Pro's entire infrastructure premise.",1,CON,YES,,,original_verified_300,original_verified_300::FA_R1_B1-203
FA_R1_B1-203_S008,FA_R1_B1-203,Tatenda Musekiwa,CON,Comments to CON,"""Online devices for transfer"" was confusing as you do not show they can use the funds for education or healthcare needs of children limiting the 585000 rmb price gap of raising a child.","Trust argument (""lies on trust"") effectively undermined Pro's entire infrastructure premise.",Rebut Pro's 7.8% need number directly.,0,NEUTRAL,NO,,,original_verified_300,original_verified_300::FA_R1_B1-203
FA_R1_B1-203_S009,FA_R1_B1-203,Tatenda Musekiwa,CON,Comments to CON,Rebut Pro's 7.8% need number directly.,"""Online devices for transfer"" was confusing as you do not show they can use the funds for education or healthcare needs of children limiting the 585000 rmb price gap of raising a child.",,0,NEUTRAL,NO,,,original_verified_300,original_verified_300::FA_R1_B1-203
FA_R1_B1-203_S010,FA_R1_B1-203,Tatenda Musekiwa,CON,Reason for Decision,"Con wins because Pro never rebutted the 50%+ empty slots claim proving the problem is trust and utilization, not supply.",,"Pro's entire case rested on building more childcare, but Con showed existing slots are already half-empty.",2,CON,NO,,,original_verified_300,original_verified_300::FA_R1_B1-203
FA_R1_B1-203_S011,FA_R1_B1-203,Tatenda Musekiwa,CON,Reason for Decision,"Pro's entire case rested on building more childcare, but Con showed existing slots are already half-empty.","Con wins because Pro never rebutted the 50%+ empty slots claim proving the problem is trust and utilization, not supply.","Pro also failed to address trust concerns, leaving their infrastructure solution vulnerable.",1,CON,NO,,,original_verified_300,original_verified_300::FA_R1_B1-203
FA_R1_B1-203_S012,FA_R1_B1-203,Tatenda Musekiwa,CON,Reason for Decision,"Pro also failed to address trust concerns, leaving their infrastructure solution vulnerable.","Pro's entire case rested on building more childcare, but Con showed existing slots are already half-empty.",Con's urgency frame (10-day direct transfer vs. years to build) and spending including cost of infrastructure and training professionals was not rebutted by pro.,1,CON,NO,,,original_verified_300,original_verified_300::FA_R1_B1-203
FA_R1_B1-203_S013,FA_R1_B1-203,Tatenda Musekiwa,CON,Reason for Decision,Con's urgency frame (10-day direct transfer vs. years to build) and spending including cost of infrastructure and training professionals was not rebutted by pro.,"Pro also failed to address trust concerns, leaving their infrastructure solution vulnerable.","While Pro had strong subsidy-ineffectiveness numbers of 20%, Con successfully flipped the debate to ""why build more when no one uses what exists?"" making Pro's solution irrelevant as con also show an increase of 7.06% in birth rate when the subsidy amount is 1050 rmb cheaper than a childcare institute.",1,CON,NO,,,original_verified_300,original_verified_300::FA_R1_B1-203
FA_R1_B1-203_S014,FA_R1_B1-203,Tatenda Musekiwa,CON,Reason for Decision,"While Pro had strong subsidy-ineffectiveness numbers of 20%, Con successfully flipped the debate to ""why build more when no one uses what exists?"" making Pro's solution irrelevant as con also show an increase of 7.06% in birth rate when the subsidy amount is 1050 rmb cheaper than a childcare institute.",Con's urgency frame (10-day direct transfer vs. years to build) and spending including cost of infrastructure and training professionals was not rebutted by pro.,,2,CON,NO,,,original_verified_300,original_verified_300::FA_R1_B1-203
FA_R1_B1-204_S001,FA_R1_B1-204,BERWA KEZIAH,PRO,Comments to PRO,Reduce the Burden of Raising Children: The money itself is not the biggest obstacle; the more direct problem is the childcare system.,,Public childcare can reduce the sacrifice families make in their careers when raising children.,0,NEUTRAL,NO,,,original_verified_300,original_verified_300::FA_R1_B1-204
FA_R1_B1-204_S005,FA_R1_B1-204,BERWA KEZIAH,PRO,Comments to PRO,"The key issue here is income level, and the government cannot necessarily afford to cover all these costs, so this comparison is not completely fair.","However, Pro responded that grandparents may be too old or unable to take care of their grandchildren.","During 1st crossfire, You asked whether there was a fixed amount of money for the subsidies, but Con did not provide a clear amount and only talked about general plans.",0,NEUTRAL,NO,,,original_verified_300,original_verified_300::FA_R1_B1-204
FA_R1_B1-204_S008,FA_R1_B1-204,BERWA KEZIAH,PRO,Comments to PRO,"You can chat during prep time, but avoid chatting while the opponents are presenting, as it does not look good.","You also gave examples of developed countries that have invested in childbirth subsidies but have seen limited changes in birth rates, and you connected this evidence well to the China case.",,0,NEUTRAL,NO,,,original_verified_300,original_verified_300::FA_R1_B1-204
FA_R1_B1-204_S014,FA_R1_B1-204,BERWA KEZIAH,PRO,Comments to CON,"You prioritized financial benefits, but the weighing had a big gap.","You argued that rural areas would benefit from financial support, but the opponents provided a response to this point.","Your constructive speech was clear, but you failed to sufficiently compare your side with the opponents.",0,NEUTRAL,NO,,,original_verified_300,original_verified_300::FA_R1_B1-204
FA_R1_B1-204_S015,FA_R1_B1-204,BERWA KEZIAH,PRO,Comments to CON,"Your constructive speech was clear, but you failed to sufficiently compare your side with the opponents.","You prioritized financial benefits, but the weighing had a big gap.",Most of the arguments were won by Pro because their mechanisms gave us a clearer path to achieving their impacts.,1,PRO,NO,,,original_verified_300,original_verified_300::FA_R1_B1-204
FA_R1_B1-204_S016,FA_R1_B1-204,BERWA KEZIAH,PRO,Comments to CON,Most of the arguments were won by Pro because their mechanisms gave us a clearer path to achieving their impacts.,"Your constructive speech was clear, but you failed to sufficiently compare your side with the opponents.",Your evidence was also limited and did not support your arguments strongly enough.,2,PRO,NO,,,original_verified_300,original_verified_300::FA_R1_B1-204
FA_R1_B1-204_S020,FA_R1_B1-204,BERWA KEZIAH,PRO,Reason for Decision,"Time and Labour: Pro argued that raising children requires significant time and labour, while childbirth subsidies mainly provide short term benefits and may waste resources.",,"Public childcare, on the other hand, provides greater long term sustainability.",0,NEUTRAL,NO,,,original_verified_300,original_verified_300::FA_R1_B1-204
FA_R1_B1-204_S021,FA_R1_B1-204,BERWA KEZIAH,PRO,Reason for Decision,"Public childcare, on the other hand, provides greater long term sustainability.","Time and Labour: Pro argued that raising children requires significant time and labour, while childbirth subsidies mainly provide short term benefits and may waste resources.",Con consistently argued that public childcare would waste time because it takes a long time to build and implement.,0,NEUTRAL,NO,,,original_verified_300,original_verified_300::FA_R1_B1-204
FA_R1_B1-204_S023,FA_R1_B1-204,BERWA KEZIAH,PRO,Reason for Decision,"However, Pro responded that their priority is long term sustainability rather than a short term solution with limited impact.",Con consistently argued that public childcare would waste time because it takes a long time to build and implement.,"Cash Solution: I expected Con to compare China’s situation with other countries, especially since Pro used international examples to support their argument.",1,PRO,YES,,,original_verified_300,original_verified_300::FA_R1_B1-204
FA_R1_B1-204_S026,FA_R1_B1-204,BERWA KEZIAH,PRO,Reason for Decision,"Con used evidence from one city to respond, but as Pro pointed out, one city cannot fully represent the situation across the whole country.","Con did not provide this comparison, which allowed Pro’s argument to stand.",Therefore Pro won the debate.,1,PRO,NO,,,original_verified_300,original_verified_300::FA_R1_B1-204
FA_R1_B1-204_S027,FA_R1_B1-204,BERWA KEZIAH,PRO,Reason for Decision,Therefore Pro won the debate.,"Con used evidence from one city to respond, but as Pro pointed out, one city cannot fully represent the situation across the whole country.",,2,PRO,NO,,,original_verified_300,original_verified_300::FA_R1_B1-204
FA_R1_B1-205_S001,FA_R1_B1-205,Liuzhi Bobby,PRO,Comments to PRO,There are two main suggestions for you.,,"First, all of your arguments need far more mechanization and impacting.",0,NEUTRAL,NO,,,original_verified_300,original_verified_300::FA_R1_B1-205
FA_R1_B1-205_S005,FA_R1_B1-205,Liuzhi Bobby,PRO,Comments to PRO,"As a result, at points it becomes incredibly hard for me to credit the full scale of your impact.",It is also incredibly unclear to me as to what extent and on which group of people the incentive change that your side claims will happen.,"Second, you also need to respond to con’s material on how they can prioritize or implement both policies much more sufficiently.",0,NEUTRAL,NO,,,original_verified_300,original_verified_300::FA_R1_B1-205
FA_R1_B1-205_S007,FA_R1_B1-205,Liuzhi Bobby,PRO,Comments to PRO,"You need to explain that even if that is true and we accept that stance, the debate does not change because the marginal difference on both sides still stays the same, where you have more childcare while they have more subsidy.","Second, you also need to respond to con’s material on how they can prioritize or implement both policies much more sufficiently.",,0,NEUTRAL,NO,,,original_verified_300,original_verified_300::FA_R1_B1-205
FA_R1_B1-205_S010,FA_R1_B1-205,Liuzhi Bobby,PRO,Comments to CON,"The motion is worded in a way that a lot of judges would believe you can only prioritize A or B, that you cannot reject the motion and say that both is correct.","First, a lot of judges might just dismiss that stance entirely instead of considering it in the rfd like me, because they might believe that you do not debate in the spirit of the motion.",I only figured out that this stance is legitimate after second crossfire.,0,NEUTRAL,NO,,,original_verified_300,original_verified_300::FA_R1_B1-205
FA_R1_B1-205_S012,FA_R1_B1-205,Liuzhi Bobby,PRO,Comments to CON,I also thought that the pro's claim was correct and that you are just not debating within the spirit of the motion.,I only figured out that this stance is legitimate after second crossfire.,"So do note that it can create a huge amount of misunderstanding in other judges, and I do not suggest you running that for that reason.",0,NEUTRAL,NO,,,original_verified_300,original_verified_300::FA_R1_B1-205
FA_R1_B1-205_S015,FA_R1_B1-205,Liuzhi Bobby,PRO,Comments to CON,"Given that if you spread out resources thin to both policies, then technically speaking you also still have less childcare compared to PRO and more subsidies compared to PRO, that doesn't change the nature of the difference","On the other hand, even if judges successfully understood what you meant, it does not meaningfully change the margin of the debate.",,1,PRO,NO,,,original_verified_300,original_verified_300::FA_R1_B1-205
FA_R1_B1-205_S028,FA_R1_B1-205,Liuzhi Bobby,PRO,Reason for Decision,The biggest and most decisive clash is the clash on the effectiveness of respective policies.,"Therefore, here is how I adjudicated this debate.","On this clash, pro gave a variety of reasons as to why public childcare is more beneficial.",0,NEUTRAL,NO,,,original_verified_300,original_verified_300::FA_R1_B1-205
FA_R1_B1-205_S032,FA_R1_B1-205,Liuzhi Bobby,PRO,Reason for Decision,So it is incredibly unclear as to what the marginal benefit of con's case is.,"On the other hand, con’s entire case did not specifically highlight the comparative benefits of subsidies compared to childcare other than simply claiming that both are important and apply in different scenarios.","Therefore, the voting issue is incredibly clear.",1,PRO,NO,,,original_verified_300,original_verified_300::FA_R1_B1-205
FA_R1_B1-205_S033,FA_R1_B1-205,Liuzhi Bobby,PRO,Reason for Decision,"Therefore, the voting issue is incredibly clear.",So it is incredibly unclear as to what the marginal benefit of con's case is.,Pro clearly wins on the argument of how subsidies incentivise low-income workers to give birth to more children and how it enables families to have more than one child.,0,NEUTRAL,NO,,,original_verified_300,original_verified_300::FA_R1_B1-205
FA_R1_B1-205_S034,FA_R1_B1-205,Liuzhi Bobby,PRO,Reason for Decision,Pro clearly wins on the argument of how subsidies incentivise low-income workers to give birth to more children and how it enables families to have more than one child.,"Therefore, the voting issue is incredibly clear.","Given those financial incentives that were met with zero response from con, pro marginally was able to win on the level of impact of some additional public childcare on their side of the house.",2,PRO,NO,,,original_verified_300,original_verified_300::FA_R1_B1-205
FA_R1_B1-205_S035,FA_R1_B1-205,Liuzhi Bobby,PRO,Reason for Decision,"Given those financial incentives that were met with zero response from con, pro marginally was able to win on the level of impact of some additional public childcare on their side of the house.",Pro clearly wins on the argument of how subsidies incentivise low-income workers to give birth to more children and how it enables families to have more than one child.,"Even if con tried to symmetricize the impact, it was not sufficiently symmetric to wash all the impacts that pro provides.",1,PRO,NO,,,original_verified_300,original_verified_300::FA_R1_B1-205
FA_R1_B1-208_S004,FA_R1_B1-208,Dongmingyang Jin,PRO,Comments to PRO,"The evidence about China's existing childcare infrastructure (1.026 million institutions, 6.66 million spots) was strong and directly countered CON's ""starting from zero"" argument.",You successfully proved that the current subsidy is inadequate and that flexibility without options is meaningless.,"Your framing of subsidies as ""a black hole"" and childcare as ""systemic change"" was decisive.",1,PRO,NO,,,original_verified_300,original_verified_300::FA_R1_B1-208
FA_R1_B1-208_S009,FA_R1_B1-208,Dongmingyang Jin,PRO,Comments to PRO,CON pointed out that you didn't have a direct link from childcare to more births.,Your evidence about how childcare directly increases fertility rates could be stronger.,"While your argument was logical, a specific study showing the fertility impact of expanded childcare would strengthen your case.",0,NEUTRAL,NO,,,original_verified_300,original_verified_300::FA_R1_B1-208
FA_R1_B1-208_S010,FA_R1_B1-208,Dongmingyang Jin,PRO,Comments to PRO,"While your argument was logical, a specific study showing the fertility impact of expanded childcare would strengthen your case.",CON pointed out that you didn't have a direct link from childcare to more births.,Your delivery was good but some parts felt slightly rushed.,0,NEUTRAL,NO,,,original_verified_300,original_verified_300::FA_R1_B1-208
FA_R1_B1-208_S015,FA_R1_B1-208,Dongmingyang Jin,PRO,Comments to CON,"The three arguments about fertility incentives, time frame, and flexibility were logical and easy to follow.",Your case structure was clear and well-organized.,The evidence from Israel (7.8% increase) was concrete and memorable.,0,NEUTRAL,NO,,,original_verified_300,original_verified_300::FA_R1_B1-208
FA_R1_B1-208_S017,FA_R1_B1-208,Dongmingyang Jin,PRO,Comments to CON,You did an excellent job framing the demographic urgency and the need for immediate action.,The evidence from Israel (7.8% increase) was concrete and memorable.,Your crossfire was sharp and confident.,1,CON,NO,,,original_verified_300,original_verified_300::FA_R1_B1-208
FA_R1_B1-208_S022,FA_R1_B1-208,Dongmingyang Jin,PRO,Comments to CON,You also struggled to respond to PRO's point about rural areas with no childcare options.,This left your case feeling incomplete.,Cash is only valuable if there is something to spend it on.,1,PRO,NO,,,original_verified_300,original_verified_300::FA_R1_B1-208
FA_R1_B1-208_S027,FA_R1_B1-208,Dongmingyang Jin,PRO,Reason for Decision,"PRO wins because they successfully proved that public childcare expansion addresses the root causes of low fertility, while CON failed to demonstrate that subsidies alone can create lasting change.",This was a sophisticated and well-fought debate on a complex policy question.,CON's case was strong.,2,PRO,NO,,,original_verified_300,original_verified_300::FA_R1_B1-208
FA_R1_B1-208_S032,FA_R1_B1-208,Dongmingyang Jin,PRO,Reason for Decision,"However, PRO won on three key grounds.","CON also effectively framed the time frame clash, arguing that childcare takes too long to build while the population crisis is happening now.","First, PRO proved that the current subsidy amount (3,600 yuan) is inadequate.",2,PRO,NO,,,original_verified_300,original_verified_300::FA_R1_B1-208
FA_R1_B1-208_S042,FA_R1_B1-208,Dongmingyang Jin,PRO,Reason for Decision,"Third, PRO won the impact comparison.",Childcare creates the options that make flexibility valuable.,"CON's case was about immediate relief, but PRO's case was about systemic change.",1,PRO,NO,,,original_verified_300,original_verified_300::FA_R1_B1-208
FA_R1_B1-208_S044,FA_R1_B1-208,Dongmingyang Jin,PRO,Reason for Decision,"Public childcare permanently reduces costs for everyone, enables women to work, builds human capital for future generations, and transforms the entire care infrastructure.","CON's case was about immediate relief, but PRO's case was about systemic change.",CON's subsidies provide temporary relief but leave the system broken for the next family.,0,NEUTRAL,NO,,,original_verified_300,original_verified_300::FA_R1_B1-208
FA_R1_B1-208_S052,FA_R1_B1-208,Dongmingyang Jin,PRO,Reason for Decision,"The crossfire exchanges were close, but PRO's arguments about inadequate subsidies, lack of alternatives for families, and long-term systemic benefits were more persuasive.",Every year we delay is another generation without access.,"CON had a strong case for urgency, but PRO had a stronger case for actual solutions.",1,PRO,NO,,,original_verified_300,original_verified_300::FA_R1_B1-208
FA_R1_B1-209_S001,FA_R1_B1-209,Anton Bezuidenhout,CON,Comments to PRO,"slow down and pronounce words more clearly, you swallow so many key words that we lose the impact of your discussion.",,don't joke with speaker one during the crossfire.,0,NEUTRAL,NO,,,original_verified_300,original_verified_300::FA_R1_B1-209
FA_R1_B1-209_S003,FA_R1_B1-209,Anton Bezuidenhout,CON,Comments to PRO,"The speaker two rebuttal on CON side being temporary solution, explain why, since just claiming that someone says so without reason, doesn't help explain why.",don't joke with speaker one during the crossfire.,"In the crossfires, the opponents work against your broad or vague statements, so ensure that claims, questions and responses are based upon the data that you have.",0,NEUTRAL,NO,,,original_verified_300,original_verified_300::FA_R1_B1-209
FA_R1_B1-209_S005,FA_R1_B1-209,Anton Bezuidenhout,CON,Comments to PRO,"Don't use broad terms such as ""uncertain access to cash"" without explaining the basis of the argument you are trying to make.","In the crossfires, the opponents work against your broad or vague statements, so ensure that claims, questions and responses are based upon the data that you have.",Get relevant evidence of China for this specific topic.,0,NEUTRAL,NO,,,original_verified_300,original_verified_300::FA_R1_B1-209
FA_R1_B1-209_S007,FA_R1_B1-209,Anton Bezuidenhout,CON,Comments to CON,Good crossfire question to check the impact of women missing that bit of time in the workforce during the time directly after childbirth.,,I like the angle that your team took to ensure that we can see what the burdens of proof are for the PRO side to have impact.,0,NEUTRAL,NO,,,original_verified_300,original_verified_300::FA_R1_B1-209
FA_R1_B1-209_S008,FA_R1_B1-209,Anton Bezuidenhout,CON,Comments to CON,I like the angle that your team took to ensure that we can see what the burdens of proof are for the PRO side to have impact.,Good crossfire question to check the impact of women missing that bit of time in the workforce during the time directly after childbirth.,very good crossfire response to the opponents vague statements.,0,NEUTRAL,NO,,,original_verified_300,original_verified_300::FA_R1_B1-209
FA_R1_B1-209_S009,FA_R1_B1-209,Anton Bezuidenhout,CON,Comments to CON,very good crossfire response to the opponents vague statements.,I like the angle that your team took to ensure that we can see what the burdens of proof are for the PRO side to have impact.,"After showing us the holes in the opponents' arguments, remember to connect it back to your own impacts and arguments, as you do keep the discussion on their perspective a lot, and you can really strenghten your perspective a lot by showing your strengths to us more in the summary.",0,NEUTRAL,NO,,,original_verified_300,original_verified_300::FA_R1_B1-209
FA_R1_B1-209_S012,FA_R1_B1-209,Anton Bezuidenhout,CON,Reason for Decision,"CON side argued about flexibility and needs of the funds, the timeliness of the support and trust that is lacking towards public healthcare centres.","PRO side argued about economic benefits, the increase of vertility rates and the quality of the solution in the future.",The CON side proved that there is a higher urgency than the given timeline from the PRO side.,0,NEUTRAL,NO,,,original_verified_300,original_verified_300::FA_R1_B1-209
FA_R1_B1-209_S013,FA_R1_B1-209,Anton Bezuidenhout,CON,Reason for Decision,The CON side proved that there is a higher urgency than the given timeline from the PRO side.,"CON side argued about flexibility and needs of the funds, the timeliness of the support and trust that is lacking towards public healthcare centres.","They also controlled the entire debate, clearly rebutting the claims of the PRO side, and showing the burdens of proof that the PRO side had about their statements, which the PRO side could not share.",1,CON,NO,,,original_verified_300,original_verified_300::FA_R1_B1-209
FA_R1_B1-209_S014,FA_R1_B1-209,Anton Bezuidenhout,CON,Reason for Decision,"They also controlled the entire debate, clearly rebutting the claims of the PRO side, and showing the burdens of proof that the PRO side had about their statements, which the PRO side could not share.",The CON side proved that there is a higher urgency than the given timeline from the PRO side.,The CON side clearly proved how the accessibility and efficiency is a stronger and more supportive system than the expansion of public childcare.,2,CON,NO,,,original_verified_300,original_verified_300::FA_R1_B1-209
FA_R1_B1-209_S015,FA_R1_B1-209,Anton Bezuidenhout,CON,Reason for Decision,The CON side clearly proved how the accessibility and efficiency is a stronger and more supportive system than the expansion of public childcare.,"They also controlled the entire debate, clearly rebutting the claims of the PRO side, and showing the burdens of proof that the PRO side had about their statements, which the PRO side could not share.","Therefore, this is a CON win.",1,CON,NO,,,original_verified_300,original_verified_300::FA_R1_B1-209
FA_R1_B1-209_S016,FA_R1_B1-209,Anton Bezuidenhout,CON,Reason for Decision,"Therefore, this is a CON win.",The CON side clearly proved how the accessibility and efficiency is a stronger and more supportive system than the expansion of public childcare.,,2,CON,NO,,,original_verified_300,original_verified_300::FA_R1_B1-209
FA_R1_B1-210_S001,FA_R1_B1-210,Kenneth Zhang,CON,Comments to PRO,"You built a solid structural argument by linking public childcare to long-term economic returns and marginal utility, which gave your case an impact.",,"However, you struggled to directly answer Con's accessibility concern about rural populations, which hurt your credibility in later speeches.",0,NEUTRAL,NO,,,original_verified_300,original_verified_300::FA_R1_B1-210
FA_R1_B1-210_S002,FA_R1_B1-210,Kenneth Zhang,CON,Comments to PRO,"However, you struggled to directly answer Con's accessibility concern about rural populations, which hurt your credibility in later speeches.","You built a solid structural argument by linking public childcare to long-term economic returns and marginal utility, which gave your case an impact.","In future rounds, you should address the geographic inequality early in your case and provide concrete data showing how childcare expansion can be phased or targeted regionally, so Con cannot easily win the rural argument against you.",1,CON,NO,,,original_verified_300,original_verified_300::FA_R1_B1-210
FA_R1_B1-210_S003,FA_R1_B1-210,Kenneth Zhang,CON,Comments to PRO,"In future rounds, you should address the geographic inequality early in your case and provide concrete data showing how childcare expansion can be phased or targeted regionally, so Con cannot easily win the rural argument against you.","However, you struggled to directly answer Con's accessibility concern about rural populations, which hurt your credibility in later speeches.",,1,CON,YES,,,original_verified_300,original_verified_300::FA_R1_B1-210
FA_R1_B1-210_S004,FA_R1_B1-210,Kenneth Zhang,CON,Comments to CON,"You effectively identified the feasibility and accessibility issues, and your 46% utilization statistic was your strongest part because it directly challenged Pro's assumption that building more childcare solves anything.",,"In future rounds, you should prepare more evidence showing how subsidy programs demonstrably raised fertility rates, so your flexibility argument becomes more than just theoretical, and the judge has a concrete reason to vote for cash transfers over infrastructure.",1,CON,NO,,,original_verified_300,original_verified_300::FA_R1_B1-210
FA_R1_B1-210_S005,FA_R1_B1-210,Kenneth Zhang,CON,Comments to CON,"In future rounds, you should prepare more evidence showing how subsidy programs demonstrably raised fertility rates, so your flexibility argument becomes more than just theoretical, and the judge has a concrete reason to vote for cash transfers over infrastructure.","You effectively identified the feasibility and accessibility issues, and your 46% utilization statistic was your strongest part because it directly challenged Pro's assumption that building more childcare solves anything.",,0,NEUTRAL,NO,,,original_verified_300,original_verified_300::FA_R1_B1-210
FA_R1_B1-210_S007,FA_R1_B1-210,Kenneth Zhang,CON,Reason for Decision,The key clash in this round is whether childcare expansion is a more effective and feasible solution than childbirth subsidies in addressing the resource barriers that prevent people from having children.,This is a Con ballot.,"On the resource barrier argument, Pro argues that childcare can reduce the marginal cost of raising children and improve women's ability to return to work.",0,NEUTRAL,NO,,,original_verified_300,original_verified_300::FA_R1_B1-210
FA_R1_B1-210_S008,FA_R1_B1-210,Kenneth Zhang,CON,Reason for Decision,"On the resource barrier argument, Pro argues that childcare can reduce the marginal cost of raising children and improve women's ability to return to work.",The key clash in this round is whether childcare expansion is a more effective and feasible solution than childbirth subsidies in addressing the resource barriers that prevent people from having children.,"However, Con successfully responds that childcare does not necessarily solve the broader financial burden because parents still face large expenses beyond childcare.",0,NEUTRAL,NO,,,original_verified_300,original_verified_300::FA_R1_B1-210
FA_R1_B1-210_S012,FA_R1_B1-210,Kenneth Zhang,CON,Reason for Decision,"On feasibility, Con wins the clash.",Pro does not sufficiently prove why childcare creates a stronger incentive than subsidies.,Con explains that existing subsidy systems already provide direct financial support and that childcare expansion requires significant infrastructure investment and faces geographical accessibility issues.,1,CON,NO,,,original_verified_300,original_verified_300::FA_R1_B1-210
FA_R1_B1-210_S014,FA_R1_B1-210,Kenneth Zhang,CON,Reason for Decision,"Pro claims childcare can provide long-term benefits, but they do not sufficiently address the timeline and cost required to build enough childcare facilities.",Con explains that existing subsidy systems already provide direct financial support and that childcare expansion requires significant infrastructure investment and faces geographical accessibility issues.,"Con's argument that rural families may not access childcare remains largely unanswered, which limits Pro's ability to prove universal effectiveness.",1,CON,NO,,,original_verified_300,original_verified_300::FA_R1_B1-210
FA_R1_B1-210_S016,FA_R1_B1-210,Kenneth Zhang,CON,Reason for Decision,"Therefore, because Con wins the feasibility and accessibility clashes, and their subsidy model better addresses the immediate barriers to childbirth, I vote for Con.","Con's argument that rural families may not access childcare remains largely unanswered, which limits Pro's ability to prove universal effectiveness.",,2,CON,NO,,,original_verified_300,original_verified_300::FA_R1_B1-210
FA_R1_B1-211_S002,FA_R1_B1-211,Chang Liu,PRO,Comments to PRO,Your later emphasis that parents need practical support after childbirth helped keep the debate centered on the long-term demands of raising children.,You established a foundation for the PRO case by connecting public childcare with female labor-force participation and reduced caregiving pressure on mothers.,"For further improvement, you could consider further making the comparative link explicit earlier.",0,NEUTRAL,NO,,,original_verified_300,original_verified_300::FA_R1_B1-211
FA_R1_B1-211_S004,FA_R1_B1-211,Chang Liu,PRO,Comments to PRO,"Your constructive contained good ideas, but statements such as childcare being helpful, cheap, or increasing female participation needed one additional step: why does that make childcare a better priority than subsidies?","For further improvement, you could consider further making the comparative link explicit earlier.","A sharper formulation would have been: childcare reduces a recurring time and career cost every day, whereas a childbirth payment primarily addresses a financial burden at or around childbirth.",0,NEUTRAL,NO,,,original_verified_300,original_verified_300::FA_R1_B1-211
FA_R1_B1-211_S006,FA_R1_B1-211,Chang Liu,PRO,Comments to PRO,You converted the PRO case into direct comparison and weighing.,"A sharper formulation would have been: childcare reduces a recurring time and career cost every day, whereas a childbirth payment primarily addresses a financial burden at or around childbirth.","You explained why reducing childcare costs can save families time, retain women in the workforce, and produce economic benefits.",0,NEUTRAL,NO,,,original_verified_300,original_verified_300::FA_R1_B1-211
FA_R1_B1-211_S014,FA_R1_B1-211,Chang Liu,PRO,Comments to CON,This was a good response to PRO because it challenged the assumption that every household faces the same barrier.,"You explained that direct financial assistance can be used differently by different families, for childcare, healthcare, medical needs, or other expenses.",Your answer in crossfire about rural areas was also valuable.,1,CON,YES,,,original_verified_300,original_verified_300::FA_R1_B1-211
FA_R1_B1-211_S016,FA_R1_B1-211,Chang Liu,PRO,Comments to CON,"You mentioned if some communities do not have childcare infrastructure, expanding public childcare may take considerable time and resources before families can benefit.",Your answer in crossfire about rural areas was also valuable.,"To improve, you could further consider answering PRO's time-cost argument more directly.",0,NEUTRAL,NO,,,original_verified_300,original_verified_300::FA_R1_B1-211
FA_R1_B1-211_S018,FA_R1_B1-211,Chang Liu,PRO,Comments to CON,"Once PRO argued that parents, especially women, face recurring childcare responsibilities that a cash payment cannot remove, it would be great if Con could give a response, such as, financial support can be continuous rather than one-time, families can use it to purchase private childcare, or the financial barrier occurs earlier in the decision-making process and therefore matters more.","To improve, you could further consider answering PRO's time-cost argument more directly.","Your strongest contribution was the argument that childbirth subsidies can reduce financial stress over a longer period, rather than simply offering a symbolic payment.",0,NEUTRAL,NO,,,original_verified_300,original_verified_300::FA_R1_B1-211
FA_R1_B1-211_S028,FA_R1_B1-211,Chang Liu,PRO,Reason for Decision,I voted PRO in this round.,,CON argued that financial pressure discourages marriage and childbirth and stated that around 30% of people are unwilling to have children because of insufficient money.,2,PRO,NO,,,original_verified_300,original_verified_300::FA_R1_B1-211
FA_R1_B1-211_S029,FA_R1_B1-211,Chang Liu,PRO,Reason for Decision,CON argued that financial pressure discourages marriage and childbirth and stated that around 30% of people are unwilling to have children because of insufficient money.,I voted PRO in this round.,"PRO directly contested this framing, especially in Grand Crossfire and Final Focus, arguing that the more important constraint is the lack of childcare and available time.",0,NEUTRAL,NO,,,original_verified_300,original_verified_300::FA_R1_B1-211
FA_R1_B1-211_S030,FA_R1_B1-211,Chang Liu,PRO,Reason for Decision,"PRO directly contested this framing, especially in Grand Crossfire and Final Focus, arguing that the more important constraint is the lack of childcare and available time.",CON argued that financial pressure discourages marriage and childbirth and stated that around 30% of people are unwilling to have children because of insufficient money.,PRO Speaker 2 crystallized this comparison by referring to the claim that 86% of people were reluctant to have children because of childcare difficulties.,1,PRO,YES,,,original_verified_300,original_verified_300::FA_R1_B1-211
FA_R1_B1-211_S034,FA_R1_B1-211,Chang Liu,PRO,Reason for Decision,The questions about how subsidies would actually alleviate long-term parenting burdens and how much economic stress they would reduce put pressure on CON to establish the comparative effectiveness of its alternative.,PRO also generated useful offense against the subsidy mechanism.,"PRO Speaker 2 also challenged CON's inclusion of paid parental leave within childbirth subsidies, which created a definitional problem that CON did not fully resolve.",1,PRO,NO,,,original_verified_300,original_verified_300::FA_R1_B1-211
FA_R1_B1-211_S035,FA_R1_B1-211,Chang Liu,PRO,Reason for Decision,"PRO Speaker 2 also challenged CON's inclusion of paid parental leave within childbirth subsidies, which created a definitional problem that CON did not fully resolve.",The questions about how subsidies would actually alleviate long-term parenting burdens and how much economic stress they would reduce put pressure on CON to establish the comparative effectiveness of its alternative.,,2,PRO,NO,,,original_verified_300,original_verified_300::FA_R1_B1-211
FA_R1_B1-214_S010,FA_R1_B1-214,Aubrie Powers,CON,Comments to PRO,You left an impact turn and a no link unaddressed.,You need to respond to your opponent's rebuttal.,These need to be responded to.,1,CON,NO,,,original_verified_300,original_verified_300::FA_R1_B1-214
FA_R1_B1-214_S014,FA_R1_B1-214,Aubrie Powers,CON,Comments to PRO,"You are adding too much information about your own constructive speech, rather than adding unique reasosn to vote down the con team.","Your rebuttal speech feels more like a constructive speech that responds parallel to con's constructive speech, rather than directly to con's constructive speech.","For example, you never respond to the key statistic on con's second contention that 70% of families with infants do not need childcare.",0,NEUTRAL,NO,,,original_verified_300,original_verified_300::FA_R1_B1-214
FA_R1_B1-214_S015,FA_R1_B1-214,Aubrie Powers,CON,Comments to PRO,"For example, you never respond to the key statistic on con's second contention that 70% of families with infants do not need childcare.","You are adding too much information about your own constructive speech, rather than adding unique reasosn to vote down the con team.","Please work to improve by directly responding to your opponent's arguments and content, rather than responding to their broad argument.",1,CON,NO,,,original_verified_300,original_verified_300::FA_R1_B1-214
FA_R1_B1-214_S030,FA_R1_B1-214,Aubrie Powers,CON,Comments to CON,"Your opponent has a different framework, which is both teams needs to respond to population decline, while yours is efficiency.",It would be good for you to add a reason to prefer your framework.,Tell your just why they should prefer a framework of efficiency over responding to population decline.,0,NEUTRAL,NO,,,original_verified_300,original_verified_300::FA_R1_B1-214
FA_R1_B1-214_S045,FA_R1_B1-214,Aubrie Powers,CON,Comments to CON,Good impact turn on their second contention.,This is too much wasted time.,Please use more turns in your rebuttal speech.,1,CON,YES,,,original_verified_300,original_verified_300::FA_R1_B1-214
FA_R1_B1-214_S047,FA_R1_B1-214,Aubrie Powers,CON,Comments to CON,This makes it easier for you to win.,Please use more turns in your rebuttal speech.,"In cross fire, good job addressing preference/prioritization versus abandoning one or the other.",0,NEUTRAL,YES,,,original_verified_300,original_verified_300::FA_R1_B1-214
FA_R1_B1-214_S053,FA_R1_B1-214,Aubrie Powers,CON,Reason for Decision,Con wins on the no link debate about the Korea evidence because pro never responds.,"Pro fails to address key arguments in the rebuttal made by con, which makes it difficult for pro to pull ahead.",This means pro cannot win on the debate that subsidies cannot solve structural problems in parents.,1,CON,NO,,,original_verified_300,original_verified_300::FA_R1_B1-214
FA_R1_B1-214_S054,FA_R1_B1-214,Aubrie Powers,CON,Reason for Decision,This means pro cannot win on the debate that subsidies cannot solve structural problems in parents.,Con wins on the no link debate about the Korea evidence because pro never responds.,"Additionally, pro never answers the argument that women in the workplace has no link to fertility increase.",1,CON,NO,,,original_verified_300,original_verified_300::FA_R1_B1-214
FA_R1_B1-214_S056,FA_R1_B1-214,Aubrie Powers,CON,Reason for Decision,Pro also fails to address the impact turn on women rejoinign the workforce decreases the fertility rate in the short term.,"Additionally, pro never answers the argument that women in the workplace has no link to fertility increase.","While the framework debate becomes muddled by the definitions debate, con does more work to extend that efficiency needs to come first.",1,CON,NO,,,original_verified_300,original_verified_300::FA_R1_B1-214
FA_R1_B1-214_S061,FA_R1_B1-214,Aubrie Powers,CON,Reason for Decision,Both teams simply repeat their contentions without any clear argument about why they win.,There needs to be more impact analysis and impact weighing.,,0,NEUTRAL,NO,,,original_verified_300,original_verified_300::FA_R1_B1-214
FA_R1_B1-215_S001,FA_R1_B1-215,Elaine,PRO,Comments to PRO,"More weighing on why even if families are given subsidies, mothers still take on the major burden of accompanying and raising kids, which harms women a lot.",,"You could have engaged by saying that you don't need to build new ones, but could use some already built ones, like nearby abolished or abandoned infrastructure.",0,NEUTRAL,NO,,,original_verified_300,original_verified_300::FA_R1_B1-215
FA_R1_B1-215_S002,FA_R1_B1-215,Elaine,PRO,Comments to PRO,"You could have engaged by saying that you don't need to build new ones, but could use some already built ones, like nearby abolished or abandoned infrastructure.","More weighing on why even if families are given subsidies, mothers still take on the major burden of accompanying and raising kids, which harms women a lot.",,0,NEUTRAL,NO,,,original_verified_300,original_verified_300::FA_R1_B1-215
FA_R1_B1-215_S003,FA_R1_B1-215,Elaine,PRO,Comments to CON,"Good job on addressing the financial issue that hinders people a lot, but merely saying it is not the only reason is just a mitigation and does not drag the whole case down, because the pro mentioned that the mother penalty is more direct and severe.",,You could talk about how families have diverse needs and that caring for kids is probably not the most important thing for some people.,0,NEUTRAL,NO,,,original_verified_300,original_verified_300::FA_R1_B1-215
FA_R1_B1-215_S004,FA_R1_B1-215,Elaine,PRO,Comments to CON,You could talk about how families have diverse needs and that caring for kids is probably not the most important thing for some people.,"Good job on addressing the financial issue that hinders people a lot, but merely saying it is not the only reason is just a mitigation and does not drag the whole case down, because the pro mentioned that the mother penalty is more direct and severe.",,0,NEUTRAL,NO,,,original_verified_300,original_verified_300::FA_R1_B1-215
FA_R1_B1-215_S005,FA_R1_B1-215,Elaine,PRO,Reason for Decision,"I voted for the pro team, and I will conclude this debate in three main clashes.",,"First is the maternal clash, how it affects women in terms of career and family burden.",2,PRO,NO,,,original_verified_300,original_verified_300::FA_R1_B1-215
FA_R1_B1-215_S006,FA_R1_B1-215,Elaine,PRO,Reason for Decision,"First is the maternal clash, how it affects women in terms of career and family burden.","I voted for the pro team, and I will conclude this debate in three main clashes.","Second is how the social structural barrier could be removed on both sides, along with related economic arguments.",0,NEUTRAL,NO,,,original_verified_300,original_verified_300::FA_R1_B1-215
FA_R1_B1-215_S007,FA_R1_B1-215,Elaine,PRO,Reason for Decision,"Second is how the social structural barrier could be removed on both sides, along with related economic arguments.","First is the maternal clash, how it affects women in terms of career and family burden.",Third is whether it helps excluded people.,0,NEUTRAL,NO,,,original_verified_300,original_verified_300::FA_R1_B1-215
FA_R1_B1-215_S008,FA_R1_B1-215,Elaine,PRO,Reason for Decision,Third is whether it helps excluded people.,"Second is how the social structural barrier could be removed on both sides, along with related economic arguments.","The pro team did well in showing how the career penalty for women can affect their jobs and that they have to spend a lot of time on baby care, while the con side argued that women face many troubles in their careers, but the maternal penalty is more direct and relevant to our debate topic.",0,NEUTRAL,NO,,,original_verified_300,original_verified_300::FA_R1_B1-215
FA_R1_B1-215_S009,FA_R1_B1-215,Elaine,PRO,Reason for Decision,"The pro team did well in showing how the career penalty for women can affect their jobs and that they have to spend a lot of time on baby care, while the con side argued that women face many troubles in their careers, but the maternal penalty is more direct and relevant to our debate topic.",Third is whether it helps excluded people.,The con side also did well in explaining how the economy would influence people's mindset and how money could be spent more efficiently.,0,NEUTRAL,NO,,,original_verified_300,original_verified_300::FA_R1_B1-215
FA_R1_B1-215_S010,FA_R1_B1-215,Elaine,PRO,Reason for Decision,The con side also did well in explaining how the economy would influence people's mindset and how money could be spent more efficiently.,"The pro team did well in showing how the career penalty for women can affect their jobs and that they have to spend a lot of time on baby care, while the con side argued that women face many troubles in their careers, but the maternal penalty is more direct and relevant to our debate topic.","However, the pro team listed how infrastructure could help people in remote areas, whereas the con side argued that the land is large so it's hard to implement, but they did not mention much about the possibility that not many people may actually need it, nor did they address the diverse needs of China.",0,NEUTRAL,NO,,,original_verified_300,original_verified_300::FA_R1_B1-215
FA_R1_B1-215_S011,FA_R1_B1-215,Elaine,PRO,Reason for Decision,"However, the pro team listed how infrastructure could help people in remote areas, whereas the con side argued that the land is large so it's hard to implement, but they did not mention much about the possibility that not many people may actually need it, nor did they address the diverse needs of China.",The con side also did well in explaining how the economy would influence people's mindset and how money could be spent more efficiently.,,1,PRO,NO,,,original_verified_300,original_verified_300::FA_R1_B1-215
FA_R1_B1-216_S001,FA_R1_B1-216,Zhihan Dong,CON,Comments to PRO,"Considering that the population decline is so imminent and we have to raise the fertility rate right now, how can expanding public childcare-such long-term work-actually solve the problem immediately?",,"When you talk about how giving subsidies is a short-run thing, isn't it the same case when it comes to public childcare?",0,NEUTRAL,NO,,,original_verified_300,original_verified_300::FA_R1_B1-216
FA_R1_B1-216_S002,FA_R1_B1-216,Zhihan Dong,CON,Comments to PRO,"When you talk about how giving subsidies is a short-run thing, isn't it the same case when it comes to public childcare?","Considering that the population decline is so imminent and we have to raise the fertility rate right now, how can expanding public childcare-such long-term work-actually solve the problem immediately?",,0,NEUTRAL,NO,,,original_verified_300,original_verified_300::FA_R1_B1-216
FA_R1_B1-216_S003,FA_R1_B1-216,Zhihan Dong,CON,Comments to CON,Good job on finding the case study/example in China showing how subsidies make a difference in boosting the fertility rate.,,"When the pro side argued that subsidies cannot cover the costs of raising a child, I find this evidence pretty compelling.",0,NEUTRAL,NO,,,original_verified_300,original_verified_300::FA_R1_B1-216
FA_R1_B1-216_S004,FA_R1_B1-216,Zhihan Dong,CON,Comments to CON,"When the pro side argued that subsidies cannot cover the costs of raising a child, I find this evidence pretty compelling.",Good job on finding the case study/example in China showing how subsidies make a difference in boosting the fertility rate.,How do you address that?,0,NEUTRAL,NO,,,original_verified_300,original_verified_300::FA_R1_B1-216
FA_R1_B1-216_S006,FA_R1_B1-216,Zhihan Dong,CON,Comments to CON,"In the final focus, I expect to hear more impact weighing cuz the judge relies on your weighing to make the decision.",How do you address that?,I really like your rebuttal I think it's logical and convincing.,0,NEUTRAL,NO,,,original_verified_300,original_verified_300::FA_R1_B1-216
FA_R1_B1-216_S008,FA_R1_B1-216,Zhihan Dong,CON,Comments to CON,"However, you need to be more confident and not be frightened by your opponents.",I really like your rebuttal I think it's logical and convincing.,,0,NEUTRAL,NO,,,original_verified_300,original_verified_300::FA_R1_B1-216
FA_R1_B1-216_S009,FA_R1_B1-216,Zhihan Dong,CON,Reason for Decision,I vote for the con side—very close round.,,"I give my ballot based on two main voting issues: Urgency & Timeframe Solvency, and Resource Flexibility.",2,CON,NO,,,original_verified_300,original_verified_300::FA_R1_B1-216
FA_R1_B1-216_S010,FA_R1_B1-216,Zhihan Dong,CON,Reason for Decision,"I give my ballot based on two main voting issues: Urgency & Timeframe Solvency, and Resource Flexibility.",I vote for the con side—very close round.,"As con side argued, population decline is an urgent crisis requiring immediate intervention.",0,NEUTRAL,NO,,,original_verified_300,original_verified_300::FA_R1_B1-216
FA_R1_B1-216_S012,FA_R1_B1-216,Zhihan Dong,CON,Reason for Decision,"Expanding public childcare infrastructure suffers from a severe timeframe delay—currently, only 6.15% of communities nationwide have public childcare facilities, meaning building out a comprehensive system will take years.","As con side argued, population decline is an urgent crisis requiring immediate intervention.","In contrast, childbirth subsidies provide immediate solvency.",0,NEUTRAL,NO,,,original_verified_300,original_verified_300::FA_R1_B1-216
FA_R1_B1-216_S014,FA_R1_B1-216,Zhihan Dong,CON,Reason for Decision,"Con presented concrete evidence showing that a 90 billion budget(which I think you mean 90 million; billion is crazy) allocated directly to subsidies, impacting 25 million people.","In contrast, childbirth subsidies provide immediate solvency.",Resource Flexibility and Family Autonomy,1,CON,YES,,,original_verified_300,original_verified_300::FA_R1_B1-216
FA_R1_B1-216_S017,FA_R1_B1-216,Zhihan Dong,CON,Reason for Decision,"Cash subsidies, on the other hand, grant households complete autonomy: families who already have informal care can use the funds for other expenses, while families who do need external childcare can use the money if they want to.","Public childcare assumes a one-size-fits-all necessity; however, many Chinese households rely on intergenerational care provided by grandparents, which means childcare is redundant for those families.",,0,NEUTRAL,NO,,,original_verified_300,original_verified_300::FA_R1_B1-216
FA_R1_B2-201_S001,FA_R1_B2-201,Brian Maps,CON,Comments to PRO,"Your constructive focused on solvency through prioritising cheaper public childcare, geopolitics via government funded after school schedules and the inflation problem caused by subsidies forcing taxpayers to pay more and driving up prices.",,These points were clear and relevant to the resolution on responding to population decline.,0,NEUTRAL,NO,,,original_verified_300,original_verified_300::FA_R1_B2-201
FA_R1_B2-201_S002,FA_R1_B2-201,Brian Maps,CON,Comments to PRO,These points were clear and relevant to the resolution on responding to population decline.,"Your constructive focused on solvency through prioritising cheaper public childcare, geopolitics via government funded after school schedules and the inflation problem caused by subsidies forcing taxpayers to pay more and driving up prices.",However the case needed more concrete evidence on how public childcare would actually raise fertility rates more effectively than subsidies and stronger links showing why expansion of facilities would outperform direct financial support.,0,NEUTRAL,YES,,,original_verified_300,original_verified_300::FA_R1_B2-201
FA_R1_B2-201_S004,FA_R1_B2-201,Brian Maps,CON,Comments to PRO,In crossfire and summary you reiterated putting funds into childcare instead of subsidies and noted that facilities are not fully developed which was useful but the responses sometimes stayed at a high level rather than weighing impacts against Con parental choice and cost arguments.,However the case needed more concrete evidence on how public childcare would actually raise fertility rates more effectively than subsidies and stronger links showing why expansion of facilities would outperform direct financial support.,"Your rebuttal effectively highlighted parental satisfaction with early Chinese childcare development the statistic that 68% of Chinese families have childcare needs, the high cost of private options around 5 000 per month in top tier cities versus 1 500 for public and the 20.5% figure tied to prioritising childcare.",0,NEUTRAL,NO,,,original_verified_300,original_verified_300::FA_R1_B2-201
FA_R1_B2-201_S010,FA_R1_B2-201,Brian Maps,CON,Comments to CON,"Your constructive clearly framed parental choice, stable relationships and children emotional needs shaped by caregivers while stressing the value of letting parents arrange schedules that fit their own child and the economic benefit of flexible funds.",,"This established a moderate, parent centred position that put pressure on Pro to justify forcing children into facilities.",0,NEUTRAL,NO,,,original_verified_300,original_verified_300::FA_R1_B2-201
FA_R1_B2-201_S012,FA_R1_B2-201,Brian Maps,CON,Comments to CON,"In summary you reinforced that many parents lack money at home, that each child has different needs and that only about 35% desire to send children to facilities even as numbers grew from 2.8 million to 6 million places.","This established a moderate, parent centred position that put pressure on Pro to justify forcing children into facilities.",The practical emphasis on flexibility and real parental preference was persuasive and well integrated with the economic angle.,0,NEUTRAL,NO,,,original_verified_300,original_verified_300::FA_R1_B2-201
FA_R1_B2-201_S013,FA_R1_B2-201,Brian Maps,CON,Comments to CON,The practical emphasis on flexibility and real parental preference was persuasive and well integrated with the economic angle.,"In summary you reinforced that many parents lack money at home, that each child has different needs and that only about 35% desire to send children to facilities even as numbers grew from 2.8 million to 6 million places.","Your rebuttal directly tackled cost by noting education makes up only 16% of raising a child, addressed the doublereduction policy by clarifying its limited scope and responded to inflation by pointing out housing costs rose only 29% while arguing funds can be prioritised into specific sectors.",0,NEUTRAL,NO,,,original_verified_300,original_verified_300::FA_R1_B2-201
FA_R1_B2-201_S018,FA_R1_B2-201,Brian Maps,CON,Reason for Decision,"While the Pro side argued that prioritising cheaper public childcare would deliver solvency, reduce private costs 1,500 versus 5,000 meet the needs of 68% of families and avoid the inflationary effects of subsidies the Con side showed that direct parental choice and flexible funding better respect children individual needs, caregiver relationships and real parental preferences.",,Con effectively demonstrated that facility expansion does not automatically translate into higher usage only about 35% of parents desire to send children even after capacity grew from 2.8 million to 6 million places and that parents often lack money at home and face different circumstances in rural versus urban areas.,1,CON,NO,,,original_verified_300,original_verified_300::FA_R1_B2-201
FA_R1_B2-201_S019,FA_R1_B2-201,Brian Maps,CON,Reason for Decision,Con effectively demonstrated that facility expansion does not automatically translate into higher usage only about 35% of parents desire to send children even after capacity grew from 2.8 million to 6 million places and that parents often lack money at home and face different circumstances in rural versus urban areas.,"While the Pro side argued that prioritising cheaper public childcare would deliver solvency, reduce private costs 1,500 versus 5,000 meet the needs of 68% of families and avoid the inflationary effects of subsidies the Con side showed that direct parental choice and flexible funding better respect children individual needs, caregiver relationships and real parental preferences.",Con strongest comparative advantage lay in framing the issue around parental autonomy and targeted economic support rather than a one size fits all infrastructure solution.,1,CON,NO,,,original_verified_300,original_verified_300::FA_R1_B2-201
FA_R1_B2-201_S020,FA_R1_B2-201,Brian Maps,CON,Reason for Decision,Con strongest comparative advantage lay in framing the issue around parental autonomy and targeted economic support rather than a one size fits all infrastructure solution.,Con effectively demonstrated that facility expansion does not automatically translate into higher usage only about 35% of parents desire to send children even after capacity grew from 2.8 million to 6 million places and that parents often lack money at home and face different circumstances in rural versus urban areas.,"By emphasising that education constitutes only 16% of child rearing costs, that housing inflation has been limited and that simply building more centres can itself raise fees while failing to address fertility Con undermined Pro claim that public childcare is the superior response to population decline.",1,CON,NO,,,original_verified_300,original_verified_300::FA_R1_B2-201
FA_R1_B2-201_S021,FA_R1_B2-201,Brian Maps,CON,Reason for Decision,"By emphasising that education constitutes only 16% of child rearing costs, that housing inflation has been limited and that simply building more centres can itself raise fees while failing to address fertility Con undermined Pro claim that public childcare is the superior response to population decline.",Con strongest comparative advantage lay in framing the issue around parental autonomy and targeted economic support rather than a one size fits all infrastructure solution.,"Pro statistics on family needs and cost savings were concrete yet they did not sufficiently overcome the practical barriers of limited parental desire, varied child needs and the risk that facilities remain under utilised.",1,CON,NO,,,original_verified_300,original_verified_300::FA_R1_B2-201
FA_R1_B2-201_S023,FA_R1_B2-201,Brian Maps,CON,Reason for Decision,"In the end Con focus on flexibility, real parental preference and the limited impact of facility expansion carried greater weight on the core question of what most effectively responds to population decline.","Pro statistics on family needs and cost savings were concrete yet they did not sufficiently overcome the practical barriers of limited parental desire, varied child needs and the risk that facilities remain under utilised.",,1,CON,NO,,,original_verified_300,original_verified_300::FA_R1_B2-201
FB_R1_B1-202_S001,FB_R1_B1-202,Cindy Huang,CON,Comments to PRO,"It would be better if you used a China-specific case study, because during the crossfire you were trying to prove the infeasibility of the policy in the Chinese context, but you relied on South Korea as your main example.",,The argument often assumed that childcare is the main bottleneck without fully proving the causal connection between more childcare facilities and higher fertility rates.,0,NEUTRAL,YES,,,original_verified_300,original_verified_300::FB_R1_B1-202
FB_R1_B1-202_S002,FB_R1_B1-202,Cindy Huang,CON,Comments to PRO,The argument often assumed that childcare is the main bottleneck without fully proving the causal connection between more childcare facilities and higher fertility rates.,"It would be better if you used a China-specific case study, because during the crossfire you were trying to prove the infeasibility of the policy in the Chinese context, but you relied on South Korea as your main example.","Con effectively pointed out that families may still hesitate to have children due to larger economic concerns such as housing, education, and income instability.",0,NEUTRAL,NO,,,original_verified_300,original_verified_300::FB_R1_B1-202
FB_R1_B1-202_S003,FB_R1_B1-202,Cindy Huang,CON,Comments to PRO,"Con effectively pointed out that families may still hesitate to have children due to larger economic concerns such as housing, education, and income instability.",The argument often assumed that childcare is the main bottleneck without fully proving the causal connection between more childcare facilities and higher fertility rates.,,1,CON,NO,,,original_verified_300,original_verified_300::FB_R1_B1-202
FB_R1_B1-202_S004,FB_R1_B1-202,Cindy Huang,CON,Comments to CON,"Quite structured rebuttal, clear and easy for juge to follow",,Con needed a stronger explanation of how subsidies would work in practice.,0,NEUTRAL,NO,,,original_verified_300,original_verified_300::FB_R1_B1-202
FB_R1_B1-202_S005,FB_R1_B1-202,Cindy Huang,CON,Comments to CON,Con needed a stronger explanation of how subsidies would work in practice.,"Quite structured rebuttal, clear and easy for juge to follow",Simply arguing that current subsidies are insufficient does not prove that expanding subsidies would be more effective than childcare investment.,0,NEUTRAL,NO,,,original_verified_300,original_verified_300::FB_R1_B1-202
FB_R1_B1-202_S006,FB_R1_B1-202,Cindy Huang,CON,Comments to CON,Simply arguing that current subsidies are insufficient does not prove that expanding subsidies would be more effective than childcare investment.,Con needed a stronger explanation of how subsidies would work in practice.,,0,NEUTRAL,NO,,,original_verified_300,original_verified_300::FB_R1_B1-202
FB_R1_B1-202_S008,FB_R1_B1-202,Cindy Huang,CON,Reason for Decision,Con wins because they had a stronger comparative on policy priority and effectiveness.,This is a Con ballot.,They successfully proved that Pro’s solution is too narrow and does not address the fundamental reasons people avoid having children.,2,CON,NO,,,original_verified_300,original_verified_300::FB_R1_B1-202
FB_R1_B1-202_S009,FB_R1_B1-202,Cindy Huang,CON,Reason for Decision,They successfully proved that Pro’s solution is too narrow and does not address the fundamental reasons people avoid having children.,Con wins because they had a stronger comparative on policy priority and effectiveness.,"Pro tried to prove that childcare infrastructure is beneficial, but failed to reach the logical conclusion that it is the most effective or urgent intervention compared with other policy tools.",1,CON,NO,,,original_verified_300,original_verified_300::FB_R1_B1-202
FB_R1_B1-202_S010,FB_R1_B1-202,Cindy Huang,CON,Reason for Decision,"Pro tried to prove that childcare infrastructure is beneficial, but failed to reach the logical conclusion that it is the most effective or urgent intervention compared with other policy tools.",They successfully proved that Pro’s solution is too narrow and does not address the fundamental reasons people avoid having children.,Con also successfully challenged Pro’s assumption that childcare is the main barrier preventing childbirth and argued that improving childcare may only address one part of a much larger problem.,1,CON,NO,,,original_verified_300,original_verified_300::FB_R1_B1-202
FB_R1_B1-202_S011,FB_R1_B1-202,Cindy Huang,CON,Reason for Decision,Con also successfully challenged Pro’s assumption that childcare is the main barrier preventing childbirth and argued that improving childcare may only address one part of a much larger problem.,"Pro tried to prove that childcare infrastructure is beneficial, but failed to reach the logical conclusion that it is the most effective or urgent intervention compared with other policy tools.","I would also strongly recommend both sides to tell me directly, how much is enough? neither side set the limit of ""enough""",1,CON,NO,,,original_verified_300,original_verified_300::FB_R1_B1-202
FB_R1_B1-204_S002,FB_R1_B1-204,BERWA KEZIAH,CON,Comments to PRO,"20% of GDP is spent on childbirth subsidies, yet there seems to be little significant impact.",Quality of the Program,"This cannot be compared with the economic contribution of women’s income, which can provide much greater long term benefits to the country.",0,NEUTRAL,NO,,,original_verified_300,original_verified_300::FB_R1_B1-204
FB_R1_B1-204_S003,FB_R1_B1-204,BERWA KEZIAH,CON,Comments to PRO,"This cannot be compared with the economic contribution of women’s income, which can provide much greater long term benefits to the country.","20% of GDP is spent on childbirth subsidies, yet there seems to be little significant impact.","Con argued that the current amount is too small, so the government should increase the subsidy to make high effective.",0,NEUTRAL,NO,,,original_verified_300,original_verified_300::FB_R1_B1-204
FB_R1_B1-204_S004,FB_R1_B1-204,BERWA KEZIAH,CON,Comments to PRO,"Con argued that the current amount is too small, so the government should increase the subsidy to make high effective.","This cannot be compared with the economic contribution of women’s income, which can provide much greater long term benefits to the country.","Public childcare can create long term economic benefits by helping women stay in the workforce and maintain their income, this was replies by con in their rebuttal speech.",0,NEUTRAL,NO,,,original_verified_300,original_verified_300::FB_R1_B1-204
FB_R1_B1-204_S009,FB_R1_B1-204,BERWA KEZIAH,CON,Comments to CON,"Child raising costs are high, so Pro’s focus on providing better public childcare facilities and financial support has strong potential for long term economic benefits.",Facilities and Financial Benefits,"However, the major concern was public trust and over all impact.",0,NEUTRAL,NO,,,original_verified_300,original_verified_300::FB_R1_B1-204
FB_R1_B1-204_S013,FB_R1_B1-204,BERWA KEZIAH,CON,Comments to CON,"Another issue is that building and improving these facilities could waste both money and time, delaying the impact of the policy.",This could reduce participation and make the policy less effective.,Inequality between rural and urban areas was also an important contention.,0,NEUTRAL,NO,,,original_verified_300,original_verified_300::FB_R1_B1-204
FB_R1_B1-204_S015,FB_R1_B1-204,BERWA KEZIAH,CON,Comments to CON,"Pro tried to respond by saying the government could provide additional funding to less developed areas, but this did not fully address whether the policy could be implemented effectively across the entire country.",Inequality between rural and urban areas was also an important contention.,,1,CON,NO,,,original_verified_300,original_verified_300::FB_R1_B1-204
FB_R1_B1-204_S016,FB_R1_B1-204,BERWA KEZIAH,CON,Reason for Decision,"Lack of Trust: Con argued that it is risky for parents to leave their babies in public childcare, especially since grandparents can take care of their grandchildren.",,"However, Pro successfully proved that many grandparents may not be willing or able to take on this responsibility, and Con did not have a strong response.",0,NEUTRAL,NO,,,original_verified_300,original_verified_300::FB_R1_B1-204
FB_R1_B1-204_S018,FB_R1_B1-204,BERWA KEZIAH,CON,Reason for Decision,Quality vs. Quantity: Pro argued that quality childcare is more important because parents’ time and costs matter.,"However, Pro successfully proved that many grandparents may not be willing or able to take on this responsibility, and Con did not have a strong response.","Con responded that the normal education system could eventually cover these needs, so there is less reason to invest heavily in public childcare.",0,NEUTRAL,NO,,,original_verified_300,original_verified_300::FB_R1_B1-204
FB_R1_B1-204_S024,FB_R1_B1-204,BERWA KEZIAH,CON,Reason for Decision,"Pro successfully addressed several arguments, particularly the issue of grandparents, but they lacked a clear mechanism for addressing financial allocation.","Overall, Con consistently rebutted the opponents’ arguments with well-developed logic and strong analysis, making their impacts more convincing.",They also failed to fully extend their response to Con’s concern about parents’ lack of trust in public childcare.,1,CON,NO,,,original_verified_300,original_verified_300::FB_R1_B1-204
FB_R1_B1-204_S025,FB_R1_B1-204,BERWA KEZIAH,CON,Reason for Decision,They also failed to fully extend their response to Con’s concern about parents’ lack of trust in public childcare.,"Pro successfully addressed several arguments, particularly the issue of grandparents, but they lacked a clear mechanism for addressing financial allocation.","Therefore, Con wins the debate.",1,CON,YES,,,original_verified_300,original_verified_300::FB_R1_B1-204
FB_R1_B1-204_S026,FB_R1_B1-204,BERWA KEZIAH,CON,Reason for Decision,"Therefore, Con wins the debate.",They also failed to fully extend their response to Con’s concern about parents’ lack of trust in public childcare.,,2,CON,NO,,,original_verified_300,original_verified_300::FB_R1_B1-204
FB_R1_B1-205_S002,FB_R1_B1-205,Liuzhi Bobby,PRO,Comments to PRO,"For example, you talk a lot about how the root cause of the fertility problem is that a lot of people are burdened by modern childcare responsibilities, and they need a stable guarantee that they can free their time by sending their children to public childcare.",You need to explain your mechanisms much better.,"However, con also has a counterclaim saying that the root cause is financial burdens.",0,NEUTRAL,NO,,,original_verified_300,original_verified_300::FB_R1_B1-205
FB_R1_B1-205_S003,FB_R1_B1-205,Liuzhi Bobby,PRO,Comments to PRO,"However, con also has a counterclaim saying that the root cause is financial burdens.","For example, you talk a lot about how the root cause of the fertility problem is that a lot of people are burdened by modern childcare responsibilities, and they need a stable guarantee that they can free their time by sending their children to public childcare.",Neither of you gave any explanation or anything to explain and resolve this deadlock.,0,NEUTRAL,NO,,,original_verified_300,original_verified_300::FB_R1_B1-205
FB_R1_B1-205_S005,FB_R1_B1-205,Liuzhi Bobby,PRO,Comments to PRO,"For example, you can say that some people care more about childcare burdens while some other people care more about financial burdens, and explain why your group of people is larger or more important in terms of the weighing scales compared to their group of people",Neither of you gave any explanation or anything to explain and resolve this deadlock.,,0,NEUTRAL,NO,,,original_verified_300,original_verified_300::FB_R1_B1-205
FB_R1_B1-205_S006,FB_R1_B1-205,Liuzhi Bobby,PRO,Comments to CON,You need to be much more responsive in order to gain a much bigger margin in this debate.,,"For example, pro had a lot of useful material in their later speeches talking about how subsidies are not sufficient enough to meet the high demands of modern childcare costs, or how the examples of Singapore you use are not proof of the effects of subsidies because it is difficult to isolate the fertility effects from a single measure.",0,NEUTRAL,NO,,,original_verified_300,original_verified_300::FB_R1_B1-205
FB_R1_B1-205_S007,FB_R1_B1-205,Liuzhi Bobby,PRO,Comments to CON,"For example, pro had a lot of useful material in their later speeches talking about how subsidies are not sufficient enough to meet the high demands of modern childcare costs, or how the examples of Singapore you use are not proof of the effects of subsidies because it is difficult to isolate the fertility effects from a single measure.",You need to be much more responsive in order to gain a much bigger margin in this debate.,"A lot of pro’s grounds are gained through pushing forward these forms of new materials, starting from rebuttal, and you need to respond to these materials much more rigorously in order to gain a much bigger advantage",0,NEUTRAL,NO,,,original_verified_300,original_verified_300::FB_R1_B1-205
FB_R1_B1-205_S008,FB_R1_B1-205,Liuzhi Bobby,PRO,Comments to CON,"A lot of pro’s grounds are gained through pushing forward these forms of new materials, starting from rebuttal, and you need to respond to these materials much more rigorously in order to gain a much bigger advantage","For example, pro had a lot of useful material in their later speeches talking about how subsidies are not sufficient enough to meet the high demands of modern childcare costs, or how the examples of Singapore you use are not proof of the effects of subsidies because it is difficult to isolate the fertility effects from a single measure.",,0,NEUTRAL,NO,,,original_verified_300,original_verified_300::FB_R1_B1-205
FB_R1_B1-205_S009,FB_R1_B1-205,Liuzhi Bobby,PRO,Reason for Decision,There is a lot of other extraneous content mentioned in the debate that was not significant on the ballot: First is the clash on women.,,This clash is a wash for two reasons,0,NEUTRAL,NO,,,original_verified_300,original_verified_300::FB_R1_B1-205
FB_R1_B1-205_S011,FB_R1_B1-205,Liuzhi Bobby,PRO,Reason for Decision,Neither team explained the direct link between women and fertility rates.,This clash is a wash for two reasons,"I agree that in general, female rights are an incredibly important impact; however, given that the motion specifically states “in response to population decline”, this impact is only legitimate if it is linked to population decline.",0,NEUTRAL,NO,,,original_verified_300,original_verified_300::FB_R1_B1-205
FB_R1_B1-205_S013,FB_R1_B1-205,Liuzhi Bobby,PRO,Reason for Decision,"It is incredibly unclear which way this clash swings to: both teams claim some way of benefiting women in workforces, where the pro team argues that they are allowed to work for longer periods of time, and the con team argues that women work less but get more financial compensation for that.","I agree that in general, female rights are an incredibly important impact; however, given that the motion specifically states “in response to population decline”, this impact is only legitimate if it is linked to population decline.","There is no effective weighing from either side to explain which one is more important, so I have to wash this clash to be minimally interventionist.",0,NEUTRAL,YES,,,original_verified_300,original_verified_300::FB_R1_B1-205
FB_R1_B1-205_S014,FB_R1_B1-205,Liuzhi Bobby,PRO,Reason for Decision,"There is no effective weighing from either side to explain which one is more important, so I have to wash this clash to be minimally interventionist.","It is incredibly unclear which way this clash swings to: both teams claim some way of benefiting women in workforces, where the pro team argues that they are allowed to work for longer periods of time, and the con team argues that women work less but get more financial compensation for that.",Second is the weird idea from con that “we can prioritise subsidies in the short term and public childcare in the long term”.,0,NEUTRAL,YES,,,original_verified_300,original_verified_300::FB_R1_B1-205
FB_R1_B1-205_S027,FB_R1_B1-205,Liuzhi Bobby,PRO,Reason for Decision,"Thus, pro significantly mitigates the impact that con has because the incentive of families doesn't change given the amount of money is not massive","Pro gave a variety of different evidence, quoting that the cost of raising a child in the modern economy is massive, while the amount of subsidy that the government is able to provide with the current level of financial capacity is limited and insufficient to meet that cost.","Even though con tried to symmetrise pro's argument by saying that there can be other forms of childcare, such as using the subsidy to hire nannies or sending the kids to grandparents, it is unclear to me as to how accessible the solution would be.",1,PRO,NO,,,original_verified_300,original_verified_300::FB_R1_B1-205
FB_R1_B1-208_S004,FB_R1_B1-208,Dongmingyang Jin,CON,Comments to PRO,"The ""coupon to a store that doesn't exist"" analogy was effective.",Your argument about women's labor force participation (women bear 2.6 times more unpaid work) was compelling and emotionally resonant.,Your crossfire was confident and you maintained composure throughout.,0,NEUTRAL,NO,,,original_verified_300,original_verified_300::FB_R1_B1-208
FB_R1_B1-208_S007,FB_R1_B1-208,Dongmingyang Jin,CON,Comments to PRO,"CON's statistics (only 24% of mothers willing to use centers, 86.3% relying on grandparents) directly undermined your case.",Your biggest weakness was the evidence that families do not want formal childcare.,You needed a stronger response to explain why families would suddenly trust childcare if more centers were built.,2,CON,NO,,,original_verified_300,original_verified_300::FB_R1_B1-208
FB_R1_B1-208_S009,FB_R1_B1-208,Dongmingyang Jin,CON,Comments to PRO,Your time frame argument was also weak.,You needed a stronger response to explain why families would suddenly trust childcare if more centers were built.,"CON proved subsidies act now while childcare takes years, but you did not adequately address why China should wait.",1,CON,NO,,,original_verified_300,original_verified_300::FB_R1_B1-208
FB_R1_B1-208_S017,FB_R1_B1-208,Dongmingyang Jin,CON,Comments to CON,You effectively framed the debate as urgency versus long-term investment and showed why subsidies win on time frame.,Your delivery was confident and your crossfire was sharp.,Your rebuttal of PRO's France example could have been stronger.,0,NEUTRAL,NO,,,original_verified_300,original_verified_300::FB_R1_B1-208
FB_R1_B1-208_S019,FB_R1_B1-208,Dongmingyang Jin,CON,Comments to CON,"You argued that childcare succeeded in France, but you could have pointed out that France's system took decades to build and China cannot wait that long.",Your rebuttal of PRO's France example could have been stronger.,"Also, when PRO argued that subsidies are too small, a more detailed response about scaling up subsidies would have strengthened your case.",0,NEUTRAL,NO,,,original_verified_300,original_verified_300::FB_R1_B1-208
FB_R1_B1-208_S020,FB_R1_B1-208,Dongmingyang Jin,CON,Comments to CON,"Also, when PRO argued that subsidies are too small, a more detailed response about scaling up subsidies would have strengthened your case.","You argued that childcare succeeded in France, but you could have pointed out that France's system took decades to build and China cannot wait that long.",Your delivery was good but some parts felt rushed.,0,NEUTRAL,NO,,,original_verified_300,original_verified_300::FB_R1_B1-208
FB_R1_B1-208_S022,FB_R1_B1-208,Dongmingyang Jin,CON,Reason for Decision,This was an excellent and closely contested debate with strong arguments on both sides.,,"CON wins because they successfully proved that subsidies are more flexible, more efficient, and more directly linked to fertility decisions, while PRO failed to demonstrate that public childcare expansion would actually increase birth rates.",0,NEUTRAL,YES,,,original_verified_300,original_verified_300::FB_R1_B1-208
FB_R1_B1-208_S023,FB_R1_B1-208,Dongmingyang Jin,CON,Reason for Decision,"CON wins because they successfully proved that subsidies are more flexible, more efficient, and more directly linked to fertility decisions, while PRO failed to demonstrate that public childcare expansion would actually increase birth rates.",This was an excellent and closely contested debate with strong arguments on both sides.,CON presented three compelling arguments.,2,CON,NO,,,original_verified_300,original_verified_300::FB_R1_B1-208
FB_R1_B1-208_S032,FB_R1_B1-208,Dongmingyang Jin,CON,Reason for Decision,"Building childcare centers takes years, but China's population is declining now.","Third, efficiency.","CON showed that only 46.7% of existing childcare slots are used, and 86.3% of families still rely on grandparents, proving that families do not trust or want formal childcare.",0,NEUTRAL,NO,,,original_verified_300,original_verified_300::FB_R1_B1-208
FB_R1_B1-208_S038,FB_R1_B1-208,Dongmingyang Jin,CON,Reason for Decision,"However, CON won on three decisive grounds.","PRO also effectively argued that subsidies are too small (3,600 yuan covers only 2.6% of childcare costs) and that flexibility without real options is meaningless.","First, CON proved that families do not actually want formal childcare.",2,CON,NO,,,original_verified_300,original_verified_300::FB_R1_B1-208
FB_R1_B1-208_S045,FB_R1_B1-208,Dongmingyang Jin,CON,Reason for Decision,"Third, CON won the time frame argument.",This flexibility is valuable because families have different needs.,"PRO admitted childcare takes years to build, but CON showed that subsidies can reach families immediately.",1,CON,NO,,,original_verified_300,original_verified_300::FB_R1_B1-208
FB_R1_B1-209_S001,FB_R1_B1-209,Anton Bezuidenhout,PRO,Comments to PRO,Good start with definitions and framework.,,"When doing first crossfire, speaker 1, the tier 1 to tier 4 difference argument is hard to make when you havent stated already that there is a difference in subsidies provided, where the opponents did state in their constructive that there is a baseline amount that is given to everyone, so this negates that argument.",0,NEUTRAL,NO,,,original_verified_300,original_verified_300::FB_R1_B1-209
FB_R1_B1-209_S003,FB_R1_B1-209,Anton Bezuidenhout,PRO,Comments to PRO,Good when you looked at that in the rebuttal.,"When doing first crossfire, speaker 1, the tier 1 to tier 4 difference argument is hard to make when you havent stated already that there is a difference in subsidies provided, where the opponents did state in their constructive that there is a baseline amount that is given to everyone, so this negates that argument.","The control was good on the opponents from you, but beware, if an opponent can bring back the argument of the inconsistency of quality control nationwide on a childcare centre, ensure you have a source/argument against it, as dismissal/avoidance won't always work.",0,NEUTRAL,NO,,,original_verified_300,original_verified_300::FB_R1_B1-209
FB_R1_B1-209_S004,FB_R1_B1-209,Anton Bezuidenhout,PRO,Comments to PRO,"The control was good on the opponents from you, but beware, if an opponent can bring back the argument of the inconsistency of quality control nationwide on a childcare centre, ensure you have a source/argument against it, as dismissal/avoidance won't always work.",Good when you looked at that in the rebuttal.,,0,NEUTRAL,NO,,,original_verified_300,original_verified_300::FB_R1_B1-209
FB_R1_B1-209_S007,FB_R1_B1-209,Anton Bezuidenhout,PRO,Comments to CON,Good layout in the rebuttal to show how unpractical the medical centres are versus family support.,"If the opponent uses terminology in the crossfire that you don't understand, you should ask them to state it/explain it in a different way, not just leave it.","In second crossfire, don't ask how the PRO argument is faster than cash, as they already focused on quality rather than speed.",0,NEUTRAL,NO,,,original_verified_300,original_verified_300::FB_R1_B1-209
FB_R1_B1-209_S008,FB_R1_B1-209,Anton Bezuidenhout,PRO,Comments to CON,"In second crossfire, don't ask how the PRO argument is faster than cash, as they already focused on quality rather than speed.",Good layout in the rebuttal to show how unpractical the medical centres are versus family support.,"Bring the argument back to the inconsistency of providing a quality baseline for all healthcare centres, and you can look at how the opponents' data on how effective a medical centre is, is not based on data in China, and how the systems, economies and cultures don't match.",0,NEUTRAL,NO,,,original_verified_300,original_verified_300::FB_R1_B1-209
FB_R1_B1-209_S009,FB_R1_B1-209,Anton Bezuidenhout,PRO,Comments to CON,"Bring the argument back to the inconsistency of providing a quality baseline for all healthcare centres, and you can look at how the opponents' data on how effective a medical centre is, is not based on data in China, and how the systems, economies and cultures don't match.","In second crossfire, don't ask how the PRO argument is faster than cash, as they already focused on quality rather than speed.","If you don't have data on hand in crossfire, stay adamant that you can show it afterwards, as the opponents intentionally made you waste time to try and find it, so that you couldn't ask a question.",0,NEUTRAL,NO,,,original_verified_300,original_verified_300::FB_R1_B1-209
FB_R1_B1-209_S011,FB_R1_B1-209,Anton Bezuidenhout,PRO,Reason for Decision,"The PRO side argued about how childcare drives down the cost of raising a child and education, it reduces the burden on working women.",,"The CON side argued that money solves the financial burden, money is flexible, and that heathcare systems are not consistent in delivery of services.",0,NEUTRAL,NO,,,original_verified_300,original_verified_300::FB_R1_B1-209
FB_R1_B1-209_S012,FB_R1_B1-209,Anton Bezuidenhout,PRO,Reason for Decision,"The CON side argued that money solves the financial burden, money is flexible, and that heathcare systems are not consistent in delivery of services.","The PRO side argued about how childcare drives down the cost of raising a child and education, it reduces the burden on working women.","The PRO side proved that the flexibility is only a temporary cushion for short term relief, and that public childcare services is a more permanent solution.",0,NEUTRAL,NO,,,original_verified_300,original_verified_300::FB_R1_B1-209
FB_R1_B1-209_S013,FB_R1_B1-209,Anton Bezuidenhout,PRO,Reason for Decision,"The PRO side proved that the flexibility is only a temporary cushion for short term relief, and that public childcare services is a more permanent solution.","The CON side argued that money solves the financial burden, money is flexible, and that heathcare systems are not consistent in delivery of services.","The CON side could not prove how the currect subsidy system would increase fertility rate, where the PRO side could prove how the healthcare system can have a bigger impact.",1,PRO,NO,,,original_verified_300,original_verified_300::FB_R1_B1-209
FB_R1_B1-209_S014,FB_R1_B1-209,Anton Bezuidenhout,PRO,Reason for Decision,"The CON side could not prove how the currect subsidy system would increase fertility rate, where the PRO side could prove how the healthcare system can have a bigger impact.","The PRO side proved that the flexibility is only a temporary cushion for short term relief, and that public childcare services is a more permanent solution.","Therefore, this is a PRO win.",1,PRO,NO,,,original_verified_300,original_verified_300::FB_R1_B1-209
FB_R1_B1-210_S001,FB_R1_B1-210,Kenneth Zhang,CON,Comments to PRO,"You had a clear central argument about childcare reducing the burden on women and protecting labor participation, which was a strong way to connect the motion to long-term fertility.",,"However, you needed to rebuild the solvency more clearly after Con challenged whether families would actually trust and use public childcare institutions.",0,NEUTRAL,NO,,,original_verified_300,original_verified_300::FB_R1_B1-210
FB_R1_B1-210_S002,FB_R1_B1-210,Kenneth Zhang,CON,Comments to PRO,"However, you needed to rebuild the solvency more clearly after Con challenged whether families would actually trust and use public childcare institutions.","You had a clear central argument about childcare reducing the burden on women and protecting labor participation, which was a strong way to connect the motion to long-term fertility.",,0,NEUTRAL,NO,,,original_verified_300,original_verified_300::FB_R1_B1-210
FB_R1_B1-210_S003,FB_R1_B1-210,Kenneth Zhang,CON,Comments to CON,"You did well focusing the round on directness, flexibility, and probability of solvency.",,Your argument that subsidies give families purchasing power and avoid the trust/access problems of public childcare was persuasive.,0,NEUTRAL,NO,,,original_verified_300,original_verified_300::FB_R1_B1-210
FB_R1_B1-210_S004,FB_R1_B1-210,Kenneth Zhang,CON,Comments to CON,Your argument that subsidies give families purchasing power and avoid the trust/access problems of public childcare was persuasive.,"You did well focusing the round on directness, flexibility, and probability of solvency.","If you could weigh more explicitly why short-term financial relief matters more than Pro’s long-term structural benefits, your speech will be more persuasive.",0,NEUTRAL,NO,,,original_verified_300,original_verified_300::FB_R1_B1-210
FB_R1_B1-210_S005,FB_R1_B1-210,Kenneth Zhang,CON,Comments to CON,"If you could weigh more explicitly why short-term financial relief matters more than Pro’s long-term structural benefits, your speech will be more persuasive.",Your argument that subsidies give families purchasing power and avoid the trust/access problems of public childcare was persuasive.,,0,NEUTRAL,NO,,,original_verified_300,original_verified_300::FB_R1_B1-210
FB_R1_B1-210_S006,FB_R1_B1-210,Kenneth Zhang,CON,Reason for Decision,This is a CON ballot.,,The main clash I evaluate in this round is which policy is better proven to increase births in response to population decline.,2,CON,NO,,,original_verified_300,original_verified_300::FB_R1_B1-210
FB_R1_B1-210_S010,FB_R1_B1-210,Kenneth Zhang,CON,Reason for Decision,"This matters because Pro’s solvency depends on parents sending children to public childcare, and Con’s safety/trust response weakens the probability of that impact.","However, Con directly responds to the link by arguing that Pro does not prove families will actually use public childcare or trust these institutions.",Con also does better on flexibility and directness.,1,CON,YES,,,original_verified_300,original_verified_300::FB_R1_B1-210
FB_R1_B1-210_S013,FB_R1_B1-210,Kenneth Zhang,CON,Reason for Decision,"Pro responds that subsidies are short-term and that childcare is the key concern, but Con’s argument that cash is more flexible remains standing enough to outweigh it because it applies more broadly to families facing economic pressure.",They argue subsidies give families purchasing power and allow parents to solve different financial burdens in ways childcare cannot.,"On women’s labor participation, Pro has some responses, but Con mitigates it by arguing that that's actually correlation, not causation, which does not fully prove childcare causes higher participation.",1,CON,NO,,,original_verified_300,original_verified_300::FB_R1_B1-210
FB_R1_B1-210_S014,FB_R1_B1-210,Kenneth Zhang,CON,Reason for Decision,"On women’s labor participation, Pro has some responses, but Con mitigates it by arguing that that's actually correlation, not causation, which does not fully prove childcare causes higher participation.","Pro responds that subsidies are short-term and that childcare is the key concern, but Con’s argument that cash is more flexible remains standing enough to outweigh it because it applies more broadly to families facing economic pressure.","Since Pro does not clearly rebuild that causal chain, I don't buy this argument to weigh this round.",0,NEUTRAL,NO,,,original_verified_300,original_verified_300::FB_R1_B1-210
FB_R1_B1-210_S015,FB_R1_B1-210,Kenneth Zhang,CON,Reason for Decision,"Since Pro does not clearly rebuild that causal chain, I don't buy this argument to weigh this round.","On women’s labor participation, Pro has some responses, but Con mitigates it by arguing that that's actually correlation, not causation, which does not fully prove childcare causes higher participation.",Con’s impact is more probable and more directly linked to the resolution by proving reducing immediate financial burden encourages childbirth.,1,CON,YES,,,original_verified_300,original_verified_300::FB_R1_B1-210
FB_R1_B1-210_S016,FB_R1_B1-210,Kenneth Zhang,CON,Reason for Decision,Con’s impact is more probable and more directly linked to the resolution by proving reducing immediate financial burden encourages childbirth.,"Since Pro does not clearly rebuild that causal chain, I don't buy this argument to weigh this round.","Pro may have a larger structural benefit, but their path requires more assumptions about access, trust, safety, and usage.",1,CON,NO,,,original_verified_300,original_verified_300::FB_R1_B1-210
FB_R1_B1-211_S005,FB_R1_B1-211,Chang Liu,PRO,Comments to PRO,"For example, an analytical answer could have been: even if construction takes time, population decline is a long-term challenge, so policy should not be judged only by which measure can be implemented fastest.",You could further consider improving your response to CON Speaker 1's question about how long childcare infrastructure takes to build.,"Overall, you had the right direction and several worthwhile arguments.",0,NEUTRAL,NO,,,original_verified_300,original_verified_300::FB_R1_B1-211
FB_R1_B1-211_S007,FB_R1_B1-211,Chang Liu,PRO,Comments to PRO,Greater structure and more explicit comparisons would make your contribution substantially more persuasive.,"Overall, you had the right direction and several worthwhile arguments.",Your emphasis that prioritizing public childcare should involve both increasing the number of facilities and improving their quality.,0,NEUTRAL,NO,,,original_verified_300,original_verified_300::FB_R1_B1-211
FB_R1_B1-211_S011,FB_R1_B1-211,Chang Liu,PRO,Comments to PRO,It would be great if you could further improve your response to CON Speaker 1's question about how long childcare infrastructure takes to build.,"By explaining that expansion can address infrastructure as well as service quality, you gave your team a reasonable response to those concerns.",You did not necessarily need an exact number.,0,NEUTRAL,YES,,,original_verified_300,original_verified_300::FB_R1_B1-211
FB_R1_B1-211_S015,FB_R1_B1-211,Chang Liu,PRO,Comments to CON,This was a relevant comparative argument because it challenged PRO's assumption that childcare is necessarily the most important need for every household.,"You explained that childbirth subsidies allow individual families to decide whether they need to spend the support on childcare, food, healthcare, medical treatment, or another pressing expense.","You could consider moving from ""Subsidies are flexible"" to ""Therefore subsidies should be prioritized over childcare"".",0,NEUTRAL,YES,,,original_verified_300,original_verified_300::FB_R1_B1-211
FB_R1_B1-211_S018,FB_R1_B1-211,Chang Liu,PRO,Comments to CON,It would be great if you could further explain why flexibility creates a greater population impact.,Flexibility alone does not automatically establish priority.,"For example, different families face different barriers to childbirth → a single public service cannot solve every barrier → direct subsidies allow families to target their most serious constraint → therefore subsidies can influence a broader range of families.",0,NEUTRAL,YES,,,original_verified_300,original_verified_300::FB_R1_B1-211
FB_R1_B1-211_S027,FB_R1_B1-211,Chang Liu,PRO,Comments to CON,These were legitimate challenges to PRO's assumption that expanding infrastructure automatically produces effective support.,"You asked whether public childcare can really benefit families if facilities are too far away, difficult to access, or of inconsistent quality.","when PRO argued that poor rural infrastructure is actually a reason to expand public childcare, it would be great if you can give a direct answer.",0,NEUTRAL,YES,,,original_verified_300,original_verified_300::FB_R1_B1-211
FB_R1_B1-211_S033,FB_R1_B1-211,Chang Liu,PRO,Reason for Decision,The first major issue was access to childcare in rural and underserved areas.,I awarded the round to PRO.,CON argued that public childcare may not work well because families in rural areas cannot easily reach childcare centers and because infrastructure is currently insufficient.,0,NEUTRAL,NO,,,original_verified_300,original_verified_300::FB_R1_B1-211
FB_R1_B1-211_S034,FB_R1_B1-211,Chang Liu,PRO,Reason for Decision,CON argued that public childcare may not work well because families in rural areas cannot easily reach childcare centers and because infrastructure is currently insufficient.,The first major issue was access to childcare in rural and underserved areas.,That was an important criticism.,0,NEUTRAL,NO,,,original_verified_300,original_verified_300::FB_R1_B1-211
FB_R1_B1-211_S036,FB_R1_B1-211,Chang Liu,PRO,Reason for Decision,"However, PRO Speaker 2 turned this argument effectively: the present shortage of childcare facilities is precisely a reason to expand public childcare.",That was an important criticism.,"In other words, CON identified a weakness in the status quo, but PRO explained why expansion could directly address that weakness.",1,PRO,YES,,,original_verified_300,original_verified_300::FB_R1_B1-211
FB_R1_B1-211_S040,FB_R1_B1-211,Chang Liu,PRO,Reason for Decision,I found this persuasive as an advantage for CON.,"CON argued that subsidies can provide immediate assistance for food, healthcare, medical expenses, and other urgent family needs.","Nevertheless, PRO Speaker 2 gave the clearer long-term comparison in Final Focus: subsidies may provide short-term financial relief, whereas expanding childcare infrastructure can support families continuously over time.",1,CON,YES,,,original_verified_300,original_verified_300::FB_R1_B1-211
FB_R1_B1-211_S041,FB_R1_B1-211,Chang Liu,PRO,Reason for Decision,"Nevertheless, PRO Speaker 2 gave the clearer long-term comparison in Final Focus: subsidies may provide short-term financial relief, whereas expanding childcare infrastructure can support families continuously over time.",I found this persuasive as an advantage for CON.,"Since the resolution asks what China should prioritize in response to population decline, PRO did more to explain why a durable policy structure could be more valuable than temporary financial assistance.",1,PRO,NO,,,original_verified_300,original_verified_300::FB_R1_B1-211
FB_R1_B1-214_S006,FB_R1_B1-214,Aubrie Powers,CON,Comments to PRO,"It feels like you are telling me story about the benefits of childcare, rather than directly extending key points of your contentions.",Your summary speech relies too much on blocks.,"You've dropped content from your contentions, such as weakening productivity.",0,NEUTRAL,YES,,,original_verified_300,original_verified_300::FB_R1_B1-214
FB_R1_B1-214_S011,FB_R1_B1-214,Aubrie Powers,CON,Comments to PRO,Simply make your arguments one-by-one instead of saying your arguments quickly and then going back and adding more information.,This gives your opponent more time to prepare responses to your arguments.,"In your final focus, good job picking your most important impact, whihc is grandparents.",0,NEUTRAL,NO,,,original_verified_300,original_verified_300::FB_R1_B1-214
FB_R1_B1-214_S012,FB_R1_B1-214,Aubrie Powers,CON,Comments to PRO,"In your final focus, good job picking your most important impact, whihc is grandparents.",Simply make your arguments one-by-one instead of saying your arguments quickly and then going back and adding more information.,"However, you add new arguments that never come in the rest of the speech.",0,NEUTRAL,NO,,,original_verified_300,original_verified_300::FB_R1_B1-214
FB_R1_B1-214_S018,FB_R1_B1-214,Aubrie Powers,CON,Comments to CON,"To improve your clarity while speaking faster, please utilize reading drills.","However, when you try to speak faster, your pronunciation and clarity decreases significantly.",You do the same as your teammate in your summary speech.,0,NEUTRAL,NO,,,original_verified_300,original_verified_300::FB_R1_B1-214
FB_R1_B1-214_S020,FB_R1_B1-214,Aubrie Powers,CON,Comments to CON,You are moving around the flow way too quickly without clear organization or sign posting.,You do the same as your teammate in your summary speech.,Your rebuttal jumps around too much.,0,NEUTRAL,NO,,,original_verified_300,original_verified_300::FB_R1_B1-214
FB_R1_B1-214_S023,FB_R1_B1-214,Aubrie Powers,CON,Comments to CON,Please work on your organization and responding to one speech at a time.,You jumping between arguments on pro's constructive to arguments against pro's rebuttal.,,0,NEUTRAL,NO,,,original_verified_300,original_verified_300::FB_R1_B1-214
FB_R1_B1-214_S024,FB_R1_B1-214,Aubrie Powers,CON,Reason for Decision,"I voted for con because pro does little to respond to the arguments con makes about feasibility, which is consistently extended throughout the round.",,"By the end of the debate, for pro it becomes a question of whether care by grandparents is bad and if childcare is safe.",2,CON,NO,,,original_verified_300,original_verified_300::FB_R1_B1-214
FB_R1_B1-214_S032,FB_R1_B1-214,Aubrie Powers,CON,Reason for Decision,"Pro never responds to evidence directly, nor do they have evidence to outweigh.","Additionally, con consistently extends that their evidence that subsidies increase births by 17%.","Con made this a significant voting issue in the final focus and since pro never had a response throughout the round, I voted con here as well.",1,CON,NO,,,original_verified_300,original_verified_300::FB_R1_B1-214
FB_R1_B1-214_S033,FB_R1_B1-214,Aubrie Powers,CON,Reason for Decision,"Con made this a significant voting issue in the final focus and since pro never had a response throughout the round, I voted con here as well.","Pro never responds to evidence directly, nor do they have evidence to outweigh.",Note: Please stand when you are debating.,2,CON,NO,,,original_verified_300,original_verified_300::FB_R1_B1-214
FB_R1_B1-214_S037,FB_R1_B1-214,Aubrie Powers,CON,Reason for Decision,"Standing improves how well you breathe, how well you speak, and your ability to speak faster.",It is very difficult to hear you all because of it.,It is standard and beneficial in almost all debate formats to stand.,0,NEUTRAL,NO,,,original_verified_300,original_verified_300::FB_R1_B1-214
FB_R1_B1-215_S001,FB_R1_B1-215,Elaine,PRO,Comments to PRO,You did well on long term analysis and explaining how education and childcare benefit women more than just subsidies.,,"My suggestion is to focus more on how your policy benefits the whole family, especially women, and boosts their incentive to have more kids.",0,NEUTRAL,NO,,,original_verified_300,original_verified_300::FB_R1_B1-215
FB_R1_B1-215_S002,FB_R1_B1-215,Elaine,PRO,Comments to PRO,"My suggestion is to focus more on how your policy benefits the whole family, especially women, and boosts their incentive to have more kids.",You did well on long term analysis and explaining how education and childcare benefit women more than just subsidies.,That is the promise of this debate.,0,NEUTRAL,NO,,,original_verified_300,original_verified_300::FB_R1_B1-215
FB_R1_B1-215_S004,FB_R1_B1-215,Elaine,PRO,Comments to PRO,"You talked a lot about how the policy will happen, but make sure you also explain why it works for different countries and contexts.",That is the promise of this debate.,,0,NEUTRAL,NO,,,original_verified_300,original_verified_300::FB_R1_B1-215
FB_R1_B1-215_S005,FB_R1_B1-215,Elaine,PRO,Comments to CON,"You talked about urgency in people's lives, but you should engage more with Pro's points.",,"Pro argued that even with more money, money alone can't shift behavior.",0,NEUTRAL,NO,,,original_verified_300,original_verified_300::FB_R1_B1-215
FB_R1_B1-215_S006,FB_R1_B1-215,Elaine,PRO,Comments to CON,"Pro argued that even with more money, money alone can't shift behavior.","You talked about urgency in people's lives, but you should engage more with Pro's points.",You should explain why women are most severely affected and how subsidy actually benefits women in a more urgent way.,0,NEUTRAL,NO,,,original_verified_300,original_verified_300::FB_R1_B1-215
FB_R1_B1-215_S007,FB_R1_B1-215,Elaine,PRO,Comments to CON,You should explain why women are most severely affected and how subsidy actually benefits women in a more urgent way.,"Pro argued that even with more money, money alone can't shift behavior.",Engage with the stakeholder analysis and explain how women's burden will be released in your side.,0,NEUTRAL,NO,,,original_verified_300,original_verified_300::FB_R1_B1-215
FB_R1_B1-215_S009,FB_R1_B1-215,Elaine,PRO,Reason for Decision,Pro won because they gave me more analysis about the payback in the long term and how investment in the system will bring more benefits through systematic improvement.,,They also had better characterization on the impact analysis.,2,PRO,NO,,,original_verified_300,original_verified_300::FB_R1_B1-215
FB_R1_B1-215_S010,FB_R1_B1-215,Elaine,PRO,Reason for Decision,They also had better characterization on the impact analysis.,Pro won because they gave me more analysis about the payback in the long term and how investment in the system will bring more benefits through systematic improvement.,"On the women's burden clash, Pro argued that subsidy alone cannot change people's behavior, but education and childcare will benefit women a lot.",1,PRO,YES,,,original_verified_300,original_verified_300::FB_R1_B1-215
FB_R1_B1-215_S011,FB_R1_B1-215,Elaine,PRO,Reason for Decision,"On the women's burden clash, Pro argued that subsidy alone cannot change people's behavior, but education and childcare will benefit women a lot.",They also had better characterization on the impact analysis.,Pro also explained why the solution is urgent.,0,NEUTRAL,NO,,,original_verified_300,original_verified_300::FB_R1_B1-215
FB_R1_B1-215_S013,FB_R1_B1-215,Elaine,PRO,Reason for Decision,Con talked about urgency in people's lives but didn't engage well with why women are most severely affected or how subsidy actually benefits women in a more urgent way.,Pro also explained why the solution is urgent.,,1,PRO,NO,,,original_verified_300,original_verified_300::FB_R1_B1-215
FB_R1_B1-216_S001,FB_R1_B1-216,Zhihan Dong,CON,Comments to PRO,Good try on forming the clashes in the summary speech.,,"However, I feel like you missed the focus of this debate.",0,NEUTRAL,NO,,,original_verified_300,original_verified_300::FB_R1_B1-216
FB_R1_B1-216_S003,FB_R1_B1-216,Zhihan Dong,CON,Comments to PRO,"If you identify gender equality as the central clash of the debate, your analysis must directly support that impact.","However, I feel like you missed the focus of this debate.",Spending too much time detailing low construction costs and teacher ratios makes me a bit confused.,0,NEUTRAL,YES,,,original_verified_300,original_verified_300::FB_R1_B1-216
FB_R1_B1-216_S006,FB_R1_B1-216,Zhihan Dong,CON,Comments to PRO,The single-mother example set in the US lacks contextual applicability to China and isnt like the every case in China,Be more selective with the examples you gave.,"The primary school example can't be equal to public childcare, they are different",0,NEUTRAL,NO,,,original_verified_300,original_verified_300::FB_R1_B1-216
FB_R1_B1-216_S008,FB_R1_B1-216,Zhihan Dong,CON,Comments to CON,Excellent job providing multi-layered analysis!,,It makes it harder for your opponents to rebut.,1,CON,NO,,,original_verified_300,original_verified_300::FB_R1_B1-216
FB_R1_B1-216_S009,FB_R1_B1-216,Zhihan Dong,CON,Comments to CON,It makes it harder for your opponents to rebut.,Excellent job providing multi-layered analysis!,Your logic is pretty clear and your speech is also easy to follow.,0,NEUTRAL,YES,,,original_verified_300,original_verified_300::FB_R1_B1-216
FB_R1_B1-216_S010,FB_R1_B1-216,Zhihan Dong,CON,Comments to CON,Your logic is pretty clear and your speech is also easy to follow.,It makes it harder for your opponents to rebut.,,0,NEUTRAL,NO,,,original_verified_300,original_verified_300::FB_R1_B1-216
FB_R1_B1-216_S011,FB_R1_B1-216,Zhihan Dong,CON,Reason for Decision,I give my ballot to the con side.,,My main voting issue here is gender equality.,2,CON,NO,,,original_verified_300,original_verified_300::FB_R1_B1-216
FB_R1_B1-216_S012,FB_R1_B1-216,Zhihan Dong,CON,Reason for Decision,My main voting issue here is gender equality.,I give my ballot to the con side.,Pro argued that prioritizing public childcare promotes gender equality by preventing mothers from being forced out of the workforce.,0,NEUTRAL,NO,,,original_verified_300,original_verified_300::FB_R1_B1-216
FB_R1_B1-216_S013,FB_R1_B1-216,Zhihan Dong,CON,Reason for Decision,Pro argued that prioritizing public childcare promotes gender equality by preventing mothers from being forced out of the workforce.,My main voting issue here is gender equality.,"Con even won under pro's framework that direct cash subsidies allow families to purchase childcare if they choose to do so, achieving the exact same outcome of freeing mothers to pursue their careers",0,NEUTRAL,NO,,,original_verified_300,original_verified_300::FB_R1_B1-216
FB_R1_B1-216_S014,FB_R1_B1-216,Zhihan Dong,CON,Reason for Decision,"Con even won under pro's framework that direct cash subsidies allow families to purchase childcare if they choose to do so, achieving the exact same outcome of freeing mothers to pursue their careers",Pro argued that prioritizing public childcare promotes gender equality by preventing mothers from being forced out of the workforce.,I feel like pro’s framework relies on the narrow premise that gender equality is strictly defined by immediate workforce re-entry.,1,CON,NO,,,original_verified_300,original_verified_300::FB_R1_B1-216
FB_R1_B2-201_S005,FB_R1_B2-201,Brian Maps,CON,Comments to PRO,"You effectively noted the drop in secondchild rates mentioning 48% having only one child and argued that subsidies cannot build facilities while private options remain expensive around 5,000 per month.",Clearer examples of how expanding facilities would overcome cost barriers for middle income families and create measurable incentives for young couples would have strengthened the case.,Highlighting that subsidies can be cut by government was a fair point.,0,NEUTRAL,NO,,,original_verified_300,original_verified_300::FB_R1_B2-201
FB_R1_B2-201_S007,FB_R1_B2-201,Brian Maps,CON,Comments to PRO,The focus on daycare creating early education access and lower costs was good but these points stayed more descriptive than comparative.,Highlighting that subsidies can be cut by government was a fair point.,Stronger direct answers were needed against Con claims that childcare takes years to develop and fails to help informal workers or provide flexible care.,0,NEUTRAL,NO,,,original_verified_300,original_verified_300::FB_R1_B2-201
FB_R1_B2-201_S009,FB_R1_B2-201,Brian Maps,CON,Comments to PRO,The crossfire answers about incentives for young couples and helping the poor were reasonable but lacked depth on why facilities would change the decision to have children in the first place.,Stronger direct answers were needed against Con claims that childcare takes years to develop and fails to help informal workers or provide flexible care.,,0,NEUTRAL,NO,,,original_verified_300,original_verified_300::FB_R1_B2-201
FB_R1_B2-201_S012,FB_R1_B2-201,Brian Maps,CON,Comments to CON,Emphasising flexibility for parents was effective and kept the debate centred on what actually motivates births rather than supporting systems after the fact.,"Pointing out China already low fertility rate around 1.64, the fact that childcare only helps after birth and the evidence that even modest monthly payments 1,000 can increase willingness by about 5% gave the team a practical foundation.","The rebuttal worked well by stressing that facilities take up to five years to develop, that childcare does not change the fundamental decision of who becomes a parent, and that subsidies better support the large share of informal workers especially women who feel income insecurity.",0,NEUTRAL,NO,,,original_verified_300,original_verified_300::FB_R1_B2-201
FB_R1_B2-201_S014,FB_R1_B2-201,Brian Maps,CON,Comments to CON,These points directly undermined Pro longterm claims.,"The rebuttal worked well by stressing that facilities take up to five years to develop, that childcare does not change the fundamental decision of who becomes a parent, and that subsidies better support the large share of informal workers especially women who feel income insecurity.",In summary and final focus you reinforced incentives for those hesitant to have children and the guarantee that subsidies arrive when a child is born.,1,CON,YES,,,original_verified_300,original_verified_300::FB_R1_B2-201
FB_R1_B2-201_S016,FB_R1_B2-201,Brian Maps,CON,Comments to CON,The arguments stayed grounded and comparative.,In summary and final focus you reinforced incentives for those hesitant to have children and the guarantee that subsidies arrive when a child is born.,,0,NEUTRAL,NO,,,original_verified_300,original_verified_300::FB_R1_B2-201
FB_R1_B2-201_S017,FB_R1_B2-201,Brian Maps,CON,Reason for Decision,"Pro tried to show that public childcare offers longerterm structural help against inequality, high private costs and temporary subsidies, while also supporting employment and early education.",,These social and systemic points were relevant but remained secondary to the resolution’s focus on responding to population decline through higher fertility.,0,NEUTRAL,NO,,,original_verified_300,original_verified_300::FB_R1_B2-201
FB_R1_B2-201_S019,FB_R1_B2-201,Brian Maps,CON,Reason for Decision,"Con demonstrated more effectively that subsidies deliver immediate, flexible cash incentives that can influence the decision to have a child whereas public childcare only becomes useful after birth and requires years to build.",These social and systemic points were relevant but remained secondary to the resolution’s focus on responding to population decline through higher fertility.,"Con points about supporting informal workers, providing choice rather than fixed facilities and avoiding the risk that large infrastructure spending produces delayed or limited fertility gains carried greater weight.",1,CON,NO,,,original_verified_300,original_verified_300::FB_R1_B2-201
FB_R1_B2-201_S020,FB_R1_B2-201,Brian Maps,CON,Reason for Decision,"Con points about supporting informal workers, providing choice rather than fixed facilities and avoiding the risk that large infrastructure spending produces delayed or limited fertility gains carried greater weight.","Con demonstrated more effectively that subsidies deliver immediate, flexible cash incentives that can influence the decision to have a child whereas public childcare only becomes useful after birth and requires years to build.","Real world practicalityspeed, flexibility and direct parental choiceoutweighed Pro’s longer term vision in this round.",2,CON,NO,,,original_verified_300,original_verified_300::FB_R1_B2-201
FB_R1_B2-201_S022,FB_R1_B2-201,Brian Maps,CON,Reason for Decision,Con comparative framing incentives now versus facilities later and consistent focus on what actually drives births made their case the stronger one.,"Real world practicalityspeed, flexibility and direct parental choiceoutweighed Pro’s longer term vision in this round.",,2,CON,NO,,,original_verified_300,original_verified_300::FB_R1_B2-201
FA_R2_B1-202_S0012,FA_R2_B1-202,Brian Maps,PRO,Reason for Decision,"Pro won because they better showed that public childcare expansion tackles the structural and ongoing barriers career interruption, income loss and multi generational care burdens left by the one child policy while subsidies are largely one time payments that do not solve those problems.",,"Pro’s emphasis on setting standards, providing reliable facilities, and making care more affordable and accessible (especially in lower tier cities carried more weight than Con’s preference for cash choice and control.",2,PRO,,false,,additional_verified_csv_2026_09_22,additional_verified_csv_2026_09_22::FA_R2_B1-202
FA_R2_B1-202_S0013,FA_R2_B1-202,Brian Maps,PRO,Reason for Decision,"Pro’s emphasis on setting standards, providing reliable facilities, and making care more affordable and accessible (especially in lower tier cities carried more weight than Con’s preference for cash choice and control.","Pro won because they better showed that public childcare expansion tackles the structural and ongoing barriers career interruption, income loss and multi generational care burdens left by the one child policy while subsidies are largely one time payments that do not solve those problems.","Con raised legitimate concerns about parental choice, potential abuse and the limits of expansion guaranteeing higher births yet these were not weighed as heavily against the career penalty and long term funding reliability arguments.",1,PRO,,false,,additional_verified_csv_2026_09_22,additional_verified_csv_2026_09_22::FA_R2_B1-202
FA_R2_B1-202_S0014,FA_R2_B1-202,Brian Maps,PRO,Reason for Decision,"Con raised legitimate concerns about parental choice, potential abuse and the limits of expansion guaranteeing higher births yet these were not weighed as heavily against the career penalty and long term funding reliability arguments.","Pro’s emphasis on setting standards, providing reliable facilities, and making care more affordable and accessible (especially in lower tier cities carried more weight than Con’s preference for cash choice and control.",Pro focus on sustained infrastructure over temporary subsidies more directly answered the resolution prioritization question and offered clearer comparative impact on population decline.,1,PRO,,false,,additional_verified_csv_2026_09_22,additional_verified_csv_2026_09_22::FA_R2_B1-202
FA_R2_B1-202_S0015,FA_R2_B1-202,Brian Maps,PRO,Reason for Decision,Pro focus on sustained infrastructure over temporary subsidies more directly answered the resolution prioritization question and offered clearer comparative impact on population decline.,"Con raised legitimate concerns about parental choice, potential abuse and the limits of expansion guaranteeing higher births yet these were not weighed as heavily against the career penalty and long term funding reliability arguments.",,1,PRO,,false,,additional_verified_csv_2026_09_22,additional_verified_csv_2026_09_22::FA_R2_B1-202
FA_R2_B1-203_S0010,FA_R2_B1-203,Tawanda Jackson,CON,Comments to CON,The point about subsidies being effective under one year was the decisive factor in my favor.,"Positive aspects of your presentation: First of all, you've done very good job presenting ""urgency"" and ""reach"" points.","Also, you did a good job showing the flaw in Pro's position by emphasizing the large area of China and the impossibility to have childcare facilities everywhere.",2,CON,,false,,additional_verified_csv_2026_09_22,additional_verified_csv_2026_09_22::FA_R2_B1-203
FA_R2_B1-203_S0012,FA_R2_B1-203,Tawanda Jackson,CON,Comments to CON,The fact that you repeatedly brought the discussion back to the parental freedom issue helped a lot making the case of yours seem more reasonable and flexible.,"Also, you did a good job showing the flaw in Pro's position by emphasizing the large area of China and the impossibility to have childcare facilities everywhere.",How to improve: You did a great job in arguing about the lack of trust between parents and childcare centers and about cash giving the choice of choosing the best option for children's development to the families.,1,CON,,false,,additional_verified_csv_2026_09_22,additional_verified_csv_2026_09_22::FA_R2_B1-203
FA_R2_B1-203_S0018,FA_R2_B1-203,Tawanda Jackson,CON,Reason for Decision,I voted for the Con side who spoke first (SH XHW ZX).,,This was a good round for both the teams as both the teams came up with very good data and realistic examples.,2,CON,,false,,additional_verified_csv_2026_09_22,additional_verified_csv_2026_09_22::FA_R2_B1-203
FA_R2_B1-203_S0020,FA_R2_B1-203,Tawanda Jackson,CON,Reason for Decision,"But, at the end of the day, I chose Con team as they managed to win three major arguments.",This was a good round for both the teams as both the teams came up with very good data and realistic examples.,"Firstly, on the speed vs. long term investment argument, Con team was able to convince me that China's population is decreasing at the moment and that the subsidies will be provided within one year while childcare centers will take several years to be built.",2,CON,,false,,additional_verified_csv_2026_09_22,additional_verified_csv_2026_09_22::FA_R2_B1-203
FA_R2_B1-203_S0021,FA_R2_B1-203,Tawanda Jackson,CON,Reason for Decision,"Firstly, on the speed vs. long term investment argument, Con team was able to convince me that China's population is decreasing at the moment and that the subsidies will be provided within one year while childcare centers will take several years to be built.","But, at the end of the day, I chose Con team as they managed to win three major arguments.",The Pro team never managed to provide an answer on this point.,2,CON,,false,,additional_verified_csv_2026_09_22,additional_verified_csv_2026_09_22::FA_R2_B1-203
FA_R2_B1-203_S0022,FA_R2_B1-203,Tawanda Jackson,CON,Reason for Decision,The Pro team never managed to provide an answer on this point.,"Firstly, on the speed vs. long term investment argument, Con team was able to convince me that China's population is decreasing at the moment and that the subsidies will be provided within one year while childcare centers will take several years to be built.","Secondly, Con team managed to convincingly show that the childcare centers will be built in urban areas only and the subsidies would cover all the villages immediately.",1,CON,,false,,additional_verified_csv_2026_09_22,additional_verified_csv_2026_09_22::FA_R2_B1-203
FA_R2_B1-203_S0023,FA_R2_B1-203,Tawanda Jackson,CON,Reason for Decision,"Secondly, Con team managed to convincingly show that the childcare centers will be built in urban areas only and the subsidies would cover all the villages immediately.",The Pro team never managed to provide an answer on this point.,Pro team never answered how they will provide service to the rural areas at an affordable cost.,1,CON,,false,,additional_verified_csv_2026_09_22,additional_verified_csv_2026_09_22::FA_R2_B1-203
FA_R2_B1-203_S0024,FA_R2_B1-203,Tawanda Jackson,CON,Reason for Decision,Pro team never answered how they will provide service to the rural areas at an affordable cost.,"Secondly, Con team managed to convincingly show that the childcare centers will be built in urban areas only and the subsidies would cover all the villages immediately.","Lastly, Con team managed to prove that money gives the parents the option to decide where to send their children to and that Pro team did not provide any answer to the issue of trust that the parents have regarding formal centers.",1,CON,,false,,additional_verified_csv_2026_09_22,additional_verified_csv_2026_09_22::FA_R2_B1-203
FA_R2_B1-203_S0025,FA_R2_B1-203,Tawanda Jackson,CON,Reason for Decision,"Lastly, Con team managed to prove that money gives the parents the option to decide where to send their children to and that Pro team did not provide any answer to the issue of trust that the parents have regarding formal centers.",Pro team never answered how they will provide service to the rural areas at an affordable cost.,,2,CON,,false,,additional_verified_csv_2026_09_22,additional_verified_csv_2026_09_22::FA_R2_B1-203
FA_R2_B1-204_S0010A,FA_R2_B1-204,Wenhao Li,CON,Reason for Decision,I voted for the con side because the arguments of the con side relates to the topic better.,,"They have demonstrated why the decline of the population is an urgent issueWhich means that we have to take immediate actions and that financial subsidies,Works faster and are more direct than providing public child care.",2,CON,,false,,additional_verified_csv_2026_09_22,additional_verified_csv_2026_09_22::FA_R2_B1-204
FA_R2_B1-204_S0010BB,FA_R2_B1-204,Wenhao Li,CON,Reason for Decision,The Pro side on the other hand only argued on the necessity of public child care however did not justify why we need to prioritize it in response to the population decline.,"They have demonstrated why the decline of the population is an urgent issueWhich means that we have to take immediate actions and that financial subsidies,Works faster and are more direct than providing public child care.",The cons did a good job linking between prioritizing and the unrgency issue.,1,CON,,false,,additional_verified_csv_2026_09_22,additional_verified_csv_2026_09_22::FA_R2_B1-204
FA_R2_B1-204_S0011,FA_R2_B1-204,Wenhao Li,CON,Reason for Decision,The cons did a good job linking between prioritizing and the unrgency issue.,The Pro side on the other hand only argued on the necessity of public child care however did not justify why we need to prioritize it in response to the population decline.,,1,CON,,false,,additional_verified_csv_2026_09_22,additional_verified_csv_2026_09_22::FA_R2_B1-204
FA_R2_B1-205_S0004,FA_R2_B1-205,Tatenda Musekiwa,CON,Comments to PRO,However you never rebutted Con's 50%+ empty slots.,Increase women working by more than 10 % and reduce pay gap reduce pay gap by 12%.,Did not address safety concerns (78% worried) or grandparents statistic (77%).,1,CON,,false,,additional_verified_csv_2026_09_22,additional_verified_csv_2026_09_22::FA_R2_B1-205
FA_R2_B1-205_S0015,FA_R2_B1-205,Tatenda Musekiwa,CON,Reason for Decision,Con wins on feasibility and flexibility.,,"Pro's entire case rested on welfare of women and building childcare infrastructure, but Con proved (1) 50%+ of existing slots are empty showing supply is not the problem, trust and preference are; (2) 78% worry about safety, 77% rely on grandparents, only 35% want childcare proving families do not want Pro's solution; (3) infrastructure takes 10 years to build while subsidies arrive immediately in a crisis losing 250M workers, we can spare 205 billion which can be used in other sectors.",2,CON,,false,,additional_verified_csv_2026_09_22,additional_verified_csv_2026_09_22::FA_R2_B1-205
FA_R2_B1-205_S0016,FA_R2_B1-205,Tatenda Musekiwa,CON,Reason for Decision,"Pro's entire case rested on welfare of women and building childcare infrastructure, but Con proved (1) 50%+ of existing slots are empty showing supply is not the problem, trust and preference are; (2) 78% worry about safety, 77% rely on grandparents, only 35% want childcare proving families do not want Pro's solution; (3) infrastructure takes 10 years to build while subsidies arrive immediately in a crisis losing 250M workers, we can spare 205 billion which can be used in other sectors.",Con wins on feasibility and flexibility.,Con outweighs as pro could not prove their framework can have bigger benefits in response to the population decline.,2,CON,,false,,additional_verified_csv_2026_09_22,additional_verified_csv_2026_09_22::FA_R2_B1-205
FA_R2_B1-205_S0017,FA_R2_B1-205,Tatenda Musekiwa,CON,Reason for Decision,Con outweighs as pro could not prove their framework can have bigger benefits in response to the population decline.,"Pro's entire case rested on welfare of women and building childcare infrastructure, but Con proved (1) 50%+ of existing slots are empty showing supply is not the problem, trust and preference are; (2) 78% worry about safety, 77% rely on grandparents, only 35% want childcare proving families do not want Pro's solution; (3) infrastructure takes 10 years to build while subsidies arrive immediately in a crisis losing 250M workers, we can spare 205 billion which can be used in other sectors.",,2,CON,,false,,additional_verified_csv_2026_09_22,additional_verified_csv_2026_09_22::FA_R2_B1-205
FA_R2_B1-209_S0004,FA_R2_B1-209,Cindy Huang,CON,Comments to PRO,"Con successfully shifted the debate toward other major factors such as housing costs, economic uncertainty, and education expenses, and Pro did not fully prove why childcare would have a larger impact than direct financial support.",Pro also needed stronger evidence that lack of childcare is the primary barrier preventing births.,The response to implementation concerns could have been stronger.,1,CON,,false,,additional_verified_csv_2026_09_22,additional_verified_csv_2026_09_22::FA_R2_B1-209
FA_R2_B1-209_S0012,FA_R2_B1-209,Cindy Huang,CON,Reason for Decision,This is a Con ballot.,,The Con side successfully established that the biggest weakness of public childcare is timing and flexibility.,2,CON,,false,,additional_verified_csv_2026_09_22,additional_verified_csv_2026_09_22::FA_R2_B1-209
FA_R2_B1-209_S0014,FA_R2_B1-209,Cindy Huang,CON,Reason for Decision,"The Con side proved that, given the current demographic crisis, China cannot afford to wait, and that money subsidies allow families to use them on things they need the most.",The Con side successfully established that the biggest weakness of public childcare is timing and flexibility.,"Pro had strong arguments about childcare being a long-term structural solution, especially in reducing women’s career penalties and improving childcare quality.",1,CON,,false,,additional_verified_csv_2026_09_22,additional_verified_csv_2026_09_22::FA_R2_B1-209
FA_R2_B1-209_S0016,FA_R2_B1-209,Cindy Huang,CON,Reason for Decision,"However, Pro did not sufficiently prove that childcare access is the main reason people are delaying or avoiding childbirth compared to other factors such as housing costs, income insecurity, and education expenses.","Pro had strong arguments about childcare being a long-term structural solution, especially in reducing women’s career penalties and improving childcare quality.","In response, Con also pointed out that women’s career setbacks are not only caused by difficulties returning to the workforce after childbirth, pregnancy itself can already affect women’s ability to work and advance in their careers.",1,CON,,false,,additional_verified_csv_2026_09_22,additional_verified_csv_2026_09_22::FA_R2_B1-209
FA_R2_B1-210_S0010,FA_R2_B1-210,Hanlin Zou,CON,Reason for Decision,"Both sides did a good job, but when compared, the con side presented their arguments in a more detailed manner.",,"Therefore, I voted for the con side.",1,CON,,false,,additional_verified_csv_2026_09_22,additional_verified_csv_2026_09_22::FA_R2_B1-210
FA_R2_B1-210_S0011A,FA_R2_B1-210,Hanlin Zou,CON,Reason for Decision,"Therefore, I voted for the con side.","Both sides did a good job, but when compared, the con side presented their arguments in a more detailed manner.",Both sides deliver thoughtful analysis surrounding the continuous decline of domestic birth rates and population shrinkage.,2,CON,,false,,additional_verified_csv_2026_09_22,additional_verified_csv_2026_09_22::FA_R2_B1-210
FA_R2_B1-211_S0021,FA_R2_B1-211,Zaiqi Zhang,CON,Reason for Decision,The con side had a significantly better understanding on this topic.,This is a con ballot.,The con side made a complete case from 110 billion spent on subsidy to actual birthrate increases.,2,CON,,false,,additional_verified_csv_2026_09_22,additional_verified_csv_2026_09_22::FA_R2_B1-211
FA_R2_B1-211_S0024,FA_R2_B1-211,Zaiqi Zhang,CON,Reason for Decision,The pro side had a really good mechanism that public care increase intention better than grandparents care but it was only mentioned in the summary.,Even though some of the mechanism and evidence used by the con side is far fetched and doesn't quite fit China's domestic scenario.,The pro side also dropped their own case as the debate progressed.,1,PRO,,false,,additional_verified_csv_2026_09_22,additional_verified_csv_2026_09_22::FA_R2_B1-211
FA_R2_B1-211_S0025,FA_R2_B1-211,Zaiqi Zhang,CON,Reason for Decision,The pro side also dropped their own case as the debate progressed.,The pro side had a really good mechanism that public care increase intention better than grandparents care but it was only mentioned in the summary.,The entire having 2.1 child argument is not useful.,1,CON,,false,,additional_verified_csv_2026_09_22,additional_verified_csv_2026_09_22::FA_R2_B1-211
FA_R2_B1-214_S0005,FA_R2_B1-214,Zihan Zhou,CON,Comments to PRO,"However, as asked by CON side in the first crossfire, PRO did not doubt the very possibility to implement public childcare and childbirth subsidies at the same time without prioritizing one of them, as the resources in China are limited and might not be allocated as the ideal condition imagined by CON.",which specified the possibility to realize this choice.,"What's more, the final focus did not show good enough ability to conclude the main clashes and clarify the situation on their side as they fell into a self-fulfilling prophesy to prove how the thing relevant to money should not happen and forgot to prove how the benefits of prioritizing childcare would be outweighing the other side.",1,CON,,false,,additional_verified_csv_2026_09_22,additional_verified_csv_2026_09_22::FA_R2_B1-214
FA_R2_B1-214_S0006,FA_R2_B1-214,Zihan Zhou,CON,Comments to PRO,"What's more, the final focus did not show good enough ability to conclude the main clashes and clarify the situation on their side as they fell into a self-fulfilling prophesy to prove how the thing relevant to money should not happen and forgot to prove how the benefits of prioritizing childcare would be outweighing the other side.","However, as asked by CON side in the first crossfire, PRO did not doubt the very possibility to implement public childcare and childbirth subsidies at the same time without prioritizing one of them, as the resources in China are limited and might not be allocated as the ideal condition imagined by CON.","What's more, PRO went tangential to the topic in final focus by stating the issue of immigrant parents, which was irrelevant to the main clashes and led to a new issue.",1,CON,,false,,additional_verified_csv_2026_09_22,additional_verified_csv_2026_09_22::FA_R2_B1-214
FA_R2_B1-214_S0007,FA_R2_B1-214,Zihan Zhou,CON,Comments to PRO,"What's more, PRO went tangential to the topic in final focus by stating the issue of immigrant parents, which was irrelevant to the main clashes and led to a new issue.","What's more, the final focus did not show good enough ability to conclude the main clashes and clarify the situation on their side as they fell into a self-fulfilling prophesy to prove how the thing relevant to money should not happen and forgot to prove how the benefits of prioritizing childcare would be outweighing the other side.",,1,CON,,false,,additional_verified_csv_2026_09_22,additional_verified_csv_2026_09_22::FA_R2_B1-214
FA_R2_B1-214_S0014,FA_R2_B1-214,Zihan Zhou,CON,Reason for Decision,"However, CON proposed a more moderate solution to amplify the childcare policy--developing childcare and giving more childbirth subsidies at the same time, supported with enough evidence.",Both sides have delivered their contentions within a logical framework and defined the yardstick to decide who should win-- the benefits for more people would be the deciding factor.,"CON's plan was far more than perfect, but PRO did not manage to attack their ""developing both"" plan as the resources to allocate are quite limited and thus hard to do both simultaneously.",1,CON,,false,,additional_verified_csv_2026_09_22,additional_verified_csv_2026_09_22::FA_R2_B1-214
FA_R2_B1-214_S0015,FA_R2_B1-214,Zihan Zhou,CON,Reason for Decision,"CON's plan was far more than perfect, but PRO did not manage to attack their ""developing both"" plan as the resources to allocate are quite limited and thus hard to do both simultaneously.","However, CON proposed a more moderate solution to amplify the childcare policy--developing childcare and giving more childbirth subsidies at the same time, supported with enough evidence.","Besides, CON responded to the opponents' questions with better evidence and logic than PRO did in their turn.",2,CON,,false,,additional_verified_csv_2026_09_22,additional_verified_csv_2026_09_22::FA_R2_B1-214
FA_R2_B1-214_S0016,FA_R2_B1-214,Zihan Zhou,CON,Reason for Decision,"Besides, CON responded to the opponents' questions with better evidence and logic than PRO did in their turn.","CON's plan was far more than perfect, but PRO did not manage to attack their ""developing both"" plan as the resources to allocate are quite limited and thus hard to do both simultaneously.",,1,CON,,false,,additional_verified_csv_2026_09_22,additional_verified_csv_2026_09_22::FA_R2_B1-214
FA_R2_B1-215_S0024,FA_R2_B1-215,Hengchang Xu,CON,Reason for Decision,"Comparatively, con side did more complete feasibility analysis, and the exclusiveness of the function of their subsidies.","Pro still need to prove to things: A, why returning to work is a good thing for them; B, what’s their incentive; C, why the incentive uniquely derive from their side.",Con won this clash.,1,CON,,false,,additional_verified_csv_2026_09_22,additional_verified_csv_2026_09_22::FA_R2_B1-215
FA_R2_B1-215_S0027,FA_R2_B1-215,Hengchang Xu,CON,Reason for Decision,"Con provided bunches of analysis combined with abundant data to prove (A) why people do not have intrinsic call for the childcare, and (B) why subsidies can better meet their requirements in the status quo.",Clash 2: Which side better addresses people’s needs in a more accurate way?,"In pro’s engagement around this clash, we almost get no clear responses or weighing.",1,CON,,false,,additional_verified_csv_2026_09_22,additional_verified_csv_2026_09_22::FA_R2_B1-215
FA_R2_B1-215_S0028,FA_R2_B1-215,Hengchang Xu,CON,Reason for Decision,"In pro’s engagement around this clash, we almost get no clear responses or weighing.","Con provided bunches of analysis combined with abundant data to prove (A) why people do not have intrinsic call for the childcare, and (B) why subsidies can better meet their requirements in the status quo.",That is why con still had an advantage in this clash.,1,CON,,false,,additional_verified_csv_2026_09_22,additional_verified_csv_2026_09_22::FA_R2_B1-215
FA_R2_B1-215_S0025,FA_R2_B1-215,Hengchang Xu,CON,Reason for Decision,Con won this clash.,"Comparatively, con side did more complete feasibility analysis, and the exclusiveness of the function of their subsidies.",Clash 2: Which side better addresses people’s needs in a more accurate way?,1,CON,,false,,additional_verified_csv_2026_09_22,additional_verified_csv_2026_09_22::FA_R2_B1-215
FA_R2_B1-215_S0029,FA_R2_B1-215,Hengchang Xu,CON,Reason for Decision,That is why con still had an advantage in this clash.,"In pro’s engagement around this clash, we almost get no clear responses or weighing.","Clash 3: Short term urgency VS long term benefit I fully understand that pro focused on the long term feedback, however, dealing with their worst case scenario (i.e., short term urgency) is of great significance, because it is a premise for a side to realize the picturized long-term benefit.",1,CON,,false,,additional_verified_csv_2026_09_22,additional_verified_csv_2026_09_22::FA_R2_B1-215
FA_R2_B1-215_S0032,FA_R2_B1-215,Hengchang Xu,CON,Reason for Decision,"Though the mechanism of this part was not perfect, pro still lacked the responses and weighing.","Comparatively, con explained why solving the short-term problems can also help their world to realize the transformation.",That is why con did better in this issue.,1,CON,,false,,additional_verified_csv_2026_09_22,additional_verified_csv_2026_09_22::FA_R2_B1-215
FA_R2_B1-215_S0033,FA_R2_B1-215,Hengchang Xu,CON,Reason for Decision,That is why con did better in this issue.,"Though the mechanism of this part was not perfect, pro still lacked the responses and weighing.","In summary, my vote goes to con.",1,CON,,false,,additional_verified_csv_2026_09_22,additional_verified_csv_2026_09_22::FA_R2_B1-215
FA_R2_B1-215_S0034,FA_R2_B1-215,Hengchang Xu,CON,Reason for Decision,"In summary, my vote goes to con.",That is why con did better in this issue.,,2,CON,,false,,additional_verified_csv_2026_09_22,additional_verified_csv_2026_09_22::FA_R2_B1-215
FA_R2_B1-216_S0009,FA_R2_B1-216,Frank Farooq,CON,Comments to CON,You ignored inflation’s harm to subsidy purchasing power and did not rebut Pro’s closing arguments about multi-year childcare coverage and limited subsidy utility.,"Con Speaker Two: You used domestic surveys, local birth bonuses, and Japan/South Korea cases to show childcare is not the top fertility barrier.",,1,PRO,,false,,additional_verified_csv_2026_09_22,additional_verified_csv_2026_09_22::FA_R2_B1-216
FA_R2_B1-216_S0011,FA_R2_B1-216,Frank Farooq,CON,Reason for Decision,"Pro’s 20% fertility growth figure relied on narrow localized data ignoring external economic factors, and its long-age childcare coverage plan suffered from unresolved rural access gaps and slow construction delays.","The Con side won this debate because official surveys confirm broad living, pregnancy, and housing expenses are stronger fertility deterrents than childcare costs, and flexible subsidies meet diverse family needs more effectively.",Con expanded subsidy scope to include regional one- time bonuses and extended parental leave to counter Pro’s funding adequacy critique.,1,CON,,false,,additional_verified_csv_2026_09_22,additional_verified_csv_2026_09_22::FA_R2_B1-216
FA_R2_B1-216_S0010,FA_R2_B1-216,Frank Farooq,CON,Reason for Decision,"The Con side won this debate because official surveys confirm broad living, pregnancy, and housing expenses are stronger fertility deterrents than childcare costs, and flexible subsidies meet diverse family needs more effectively.",,"Pro’s 20% fertility growth figure relied on narrow localized data ignoring external economic factors, and its long-age childcare coverage plan suffered from unresolved rural access gaps and slow construction delays.",2,CON,,false,,additional_verified_csv_2026_09_22,additional_verified_csv_2026_09_22::FA_R2_B1-216
FA_R2_B1-216_S0013,FA_R2_B1-216,Frank Farooq,CON,Reason for Decision,Pro failed to explain why nations with mature public childcare still face falling fertility rates.,Con expanded subsidy scope to include regional one- time bonuses and extended parental leave to counter Pro’s funding adequacy critique.,,1,CON,,false,,additional_verified_csv_2026_09_22,additional_verified_csv_2026_09_22::FA_R2_B1-216
FA_R2_B2-201_S0010,FA_R2_B2-201,Liuzhi Bobby,CON,Comments to CON,"So far I don't have a clear picture of what the impact of this point is, and I am hesitant to credit it to full scale because of that.","If you want to claim the time frame argument, you need to be far more rigorous in explaining why this time frame matters, how exactly is a delay of a few years going to worsen the aging crisis.",,1,PRO,,false,,additional_verified_csv_2026_09_22,additional_verified_csv_2026_09_22::FA_R2_B2-201
FA_R2_B2-201_S0022,FA_R2_B2-201,Liuzhi Bobby,CON,Reason for Decision,"Here is how I resolve the direct evidence clash: even if we take pro’s best case (i.e. 68% of people demand public childcare and their demand is met), the scale of the impact is uncomparable to the scale of con’s impacts (supermajority of people demand cash and their demand is met).","On the comparative, it is fairly certain and uncontested that 100% of families would be happy to receive direct cash subsidies.",2.,1,CON,,false,,additional_verified_csv_2026_09_22,additional_verified_csv_2026_09_22::FA_R2_B2-201
FA_R2_B2-201_S0026,FA_R2_B2-201,Liuzhi Bobby,CON,Reason for Decision,"However, con gave several convincing responses that were met with no further engagement: first, that public childcare doesn’t sufficiently relieve the childcare burdens of the modern worker (average 2 hours spent in daycare vs. nine-to-five jobs); second, that there are still some groups of people who don’t demand public childcare.",Pro claims that the root cause of the population crisis is the imbalanced workplace burdens on families and public childcare solves.,"On the comparative, con stated that the different levels of subsidies are sufficient to cover 50-100% of childcare costs, which creates massive incentives for families to give birth to children.",1,CON,,true,,additional_verified_csv_2026_09_22,additional_verified_csv_2026_09_22::FA_R2_B2-201
FA_R2_B2-201_S0031,FA_R2_B2-201,Liuzhi Bobby,CON,Reason for Decision,This was met with no response from pro.,"Con claims that there are a large number of rural population that have no access to public childcare that primarily concentrate around cities, whereas they can easily receive subsidies via electronic payment systems.","Based on the above three subclashes, con sufficiently proves the effectiveness of this policy and thus takes the debate.",1,CON,,false,,additional_verified_csv_2026_09_22,additional_verified_csv_2026_09_22::FA_R2_B2-201
FA_R2_B2-201_S0032,FA_R2_B2-201,Liuzhi Bobby,CON,Reason for Decision,"Based on the above three subclashes, con sufficiently proves the effectiveness of this policy and thus takes the debate.",This was met with no response from pro.,,2,CON,,false,,additional_verified_csv_2026_09_22,additional_verified_csv_2026_09_22::FA_R2_B2-201
FA_R1_B1-208_S0012,FA_R1_B1-208,Isabella Tang,PRO,Reason for Decision,PRO wins solely because CON dropped their already weak impacts from case.,,CON rebuttal needs to give me more analysis on why PRO's weak stem contention which would've helped them to win this round.,2,PRO,,false,,additional_verified_csv_2026_09_22,additional_verified_csv_2026_09_22::FA_R1_B1-208
FA_R1_B1-208_S0013,FA_R1_B1-208,Isabella Tang,PRO,Reason for Decision,CON rebuttal needs to give me more analysis on why PRO's weak stem contention which would've helped them to win this round.,PRO wins solely because CON dropped their already weak impacts from case.,,1,PRO,,false,,additional_verified_csv_2026_09_22,additional_verified_csv_2026_09_22::FA_R1_B1-208
FA_R1_B1-210_S0003,FA_R1_B1-210,Amber Yuan,PRO,Reason for Decision,This is a PRO ballot.,,Clash 1: Whether current humanities funding is redundant 1.,2,PRO,,false,,additional_verified_csv_2026_09_22,additional_verified_csv_2026_09_22::FA_R1_B1-210
FA_R1_B1-210_S0005,FA_R1_B1-210,Amber Yuan,PRO,Reason for Decision,"Pro wins on indigenous representation, because while con attacks the link by saying substantial humanities funding cuts won't lead to increased funding for indigenous groups, con was able to explain that even if reallocation won't work, decreased humanities investment would mean less western domination, which is still more beneficial 2.",Clash 1: Whether current humanities funding is redundant 1.,"Pro wins on soft skills, because they explain why soft skills are non-unique and can still be achieved in the pro world",1,CON,,false,,additional_verified_csv_2026_09_22,additional_verified_csv_2026_09_22::FA_R1_B1-210
FA_R1_B1-210_S0006BB,FA_R1_B1-210,Amber Yuan,PRO,Reason for Decision,"Pro wins by specifically analyzing the distrust in policymaking lack of institutional power to offer tangible suggestion, and while con rebuts by explaining the importance of critical thinking, they didn't tell me why continued funding for humanities would actually mean effective results in decision-making processes and how cutting funding would actually mean a change in policymakers.",Clash 2: Use of humanities' knowledge in policymaking sectors,Clash 3: Employment status,1,PRO,,false,,additional_verified_csv_2026_09_22,additional_verified_csv_2026_09_22::FA_R1_B1-210
FA_R1_B1-210_S0006A,FA_R1_B1-210,Amber Yuan,PRO,Reason for Decision,"Pro wins on soft skills, because they explain why soft skills are non-unique and can still be achieved in the pro world","Pro wins on indigenous representation, because while con attacks the link by saying substantial humanities funding cuts won't lead to increased funding for indigenous groups, con was able to explain that even if reallocation won't work, decreased humanities investment would mean less western domination, which is still more beneficial 2.",Clash 2: Use of humanities' knowledge in policymaking sectors,1,PRO,,false,,additional_verified_csv_2026_09_22,additional_verified_csv_2026_09_22::FA_R1_B1-210
FA_R1_B1-210_S0008,FA_R1_B1-210,Amber Yuan,PRO,Reason for Decision,"Although con explains that econ benefits are not the most important and how there is a skill mismatch, they didn't engage with the mechanism of how humanities students cannot payback their tuition and how encouraging this would only lead to less stable employment opportunities.","Pro proves that since the status quo already supports sufficient secondary humanities education, the STEM students are already equipped with critical thinking skills, but humanities students would suffer from low salary.",,1,PRO,,false,,additional_verified_csv_2026_09_22,additional_verified_csv_2026_09_22::FA_R1_B1-210
FA_R1_B1-215_S0011,FA_R1_B1-215,Ellen Ma,PRO,Reason for Decision,"Clear Pro ballot Pro's case is warranted with links and cards, explained with logic and extended with impact while Con's case is built around assumption and claims around why humanites subjects are important and Pro's arguments all stand till the end with great questions and rebuttal turned to their own case.",,"Con couldn't understand what Pro was talking about for 90% of the time and had poor delivery, was reading off scripts for most of the time.",2,PRO,,false,,additional_verified_csv_2026_09_22,additional_verified_csv_2026_09_22::FA_R1_B1-215
FA_R1_B1-215_S0012,FA_R1_B1-215,Ellen Ma,PRO,Reason for Decision,"Con couldn't understand what Pro was talking about for 90% of the time and had poor delivery, was reading off scripts for most of the time.","Clear Pro ballot Pro's case is warranted with links and cards, explained with logic and extended with impact while Con's case is built around assumption and claims around why humanites subjects are important and Pro's arguments all stand till the end with great questions and rebuttal turned to their own case.",,1,PRO,,false,,additional_verified_csv_2026_09_22,additional_verified_csv_2026_09_22::FA_R1_B1-215
FA_R1_B2-304_S0016,FA_R1_B2-304,Hailley Yang,CON,Comments to CON,Needs more direct refutation of PRO’s economic efficiency claims; some arguments stayed at a philosophical level without weighing against PRO’s tangible job market benefits.,The logic between economic paralysis and collapse shall be explained in detail and clearly.,CON 2 : Good at picking apart CON’s examples; points out that no comparison between the humanities and STEM.,1,PRO,,false,,additional_verified_csv_2026_09_22,additional_verified_csv_2026_09_22::FA_R1_B2-304
FA_R1_B2-304_S0031,FA_R1_B2-304,Hailley Yang,CON,Reason for Decision,Con2 is also good at pointing out that Pro cannot prove how much progress embezzling humanity's money can provide.,"Con2 also claims that STEMS are wasting money, but is pointed out by the pro that she has no proof.",Pro 1 can give more evidence about why exactly the fund of humanities should go to STEM instead of finding funds elsewhere.,1,CON,,false,,additional_verified_csv_2026_09_22,additional_verified_csv_2026_09_22::FA_R1_B2-304
FA_R1_B2-304_S0030,FA_R1_B2-304,Hailley Yang,CON,Reason for Decision,"Con2 also claims that STEMS are wasting money, but is pointed out by the pro that she has no proof.",Some contentions are not that relevant to the fund cutting and need further explanation.,Con2 is also good at pointing out that Pro cannot prove how much progress embezzling humanity's money can provide.,1,PRO,,false,,additional_verified_csv_2026_09_22,additional_verified_csv_2026_09_22::FA_R1_B2-304
FA_R1_B2-304_S0033,FA_R1_B2-304,Hailley Yang,CON,Reason for Decision,Con also points out that proponents fail to give more examples of how much money is wasted on humanity.,Pro 1 can give more evidence about why exactly the fund of humanities should go to STEM instead of finding funds elsewhere.,"Overall speaking, con made more contributions to the debate and performed better during crossfire.",1,CON,,false,,additional_verified_csv_2026_09_22,additional_verified_csv_2026_09_22::FA_R1_B2-304
FA_R1_B2-304_S0034,FA_R1_B2-304,Hailley Yang,CON,Reason for Decision,"Overall speaking, con made more contributions to the debate and performed better during crossfire.",Con also points out that proponents fail to give more examples of how much money is wasted on humanity.,,2,CON,,false,,additional_verified_csv_2026_09_22,additional_verified_csv_2026_09_22::FA_R1_B2-304
FB_R1_B1-208_S0019,FB_R1_B1-208,Isabella Tang,PRO,Reason for Decision,"CON wins on delinking PRO's STEM-focused case by pointing out that cutting funding for humanities does not necessarily mean that the funding will go to STEM, nor is there a correlation between the resolution and STEM.",,PRO also needs to figure out their terminal impact in this round and explain it.,2,CON,,false,,additional_verified_csv_2026_09_22,additional_verified_csv_2026_09_22::FB_R1_B1-208
FB_R1_B1-209_S0005,FB_R1_B1-209,Shirley Xu,PRO,Comments to PRO,"Your opponent mentioned a great point for you, that humanity students still increase even under funding decrease, which means that the area doe not need so much funding, and you missed this point.",3.,,1,CON,,false,,additional_verified_csv_2026_09_22,additional_verified_csv_2026_09_22::FB_R1_B1-209
FB_R1_B1-209_S0019,FB_R1_B1-209,Shirley Xu,PRO,Reason for Decision,Pro win this round.,,1.,2,PRO,,false,,additional_verified_csv_2026_09_22,additional_verified_csv_2026_09_22::FB_R1_B1-209
FB_R1_B1-209_S0025,FB_R1_B1-209,Shirley Xu,PRO,Reason for Decision,"Pro was able to prove that there is already a 30% more income at the beginning of career, which provide more direct help.","Employment: Although there are mid career increase for humanity students, but the return term is too long.",3.,1,PRO,,false,,additional_verified_csv_2026_09_22,additional_verified_csv_2026_09_22::FB_R1_B1-209
FB_R1_B1-209_S0031,FB_R1_B1-209,Shirley Xu,PRO,Reason for Decision,"But even con win on this clash, but because of the previous clashes, con still cannot win this round.",AI took way too much job positions.,,1,PRO,,false,,additional_verified_csv_2026_09_22,additional_verified_csv_2026_09_22::FB_R1_B1-209
FB_R1_B1-211_S0014,FB_R1_B1-211,Cindy Huang,PRO,Reason for Decision,"This is a Pro ballot because they presented comparatively stronger arguments with clear links, supported by valid evidence.",,"Con started off strong with unique points, but they were unable to defend them effectively or expand on their impacts in the later half of the debate.",2,PRO,,false,,additional_verified_csv_2026_09_22,additional_verified_csv_2026_09_22::FB_R1_B1-211
FB_R1_B1-211_S0015,FB_R1_B1-211,Cindy Huang,PRO,Reason for Decision,"Con started off strong with unique points, but they were unable to defend them effectively or expand on their impacts in the later half of the debate.","This is a Pro ballot because they presented comparatively stronger arguments with clear links, supported by valid evidence.","As a result, Pro maintained greater consistency and persuasiveness throughout the round.",1,PRO,,false,,additional_verified_csv_2026_09_22,additional_verified_csv_2026_09_22::FB_R1_B1-211
FB_R1_B1-211_S0016,FB_R1_B1-211,Cindy Huang,PRO,Reason for Decision,"As a result, Pro maintained greater consistency and persuasiveness throughout the round.","Con started off strong with unique points, but they were unable to defend them effectively or expand on their impacts in the later half of the debate.",,1,PRO,,false,,additional_verified_csv_2026_09_22,additional_verified_csv_2026_09_22::FB_R1_B1-211
FA_R4_6630592443_S0001,FA_R4_6630592443,Yujun Qiao,CON,Comments to PRO,"For speaker 1: Your core framework focused on structural childcare shortages and long-term human capital gains, but you failed to deliver targeted rebuttals against the Con’s most critical attacks in crossfire.",,You did not properly responded to the opponent’s budget redistribution logic that subsidy amounts can be freely raised by shifting fiscal funds.,1,CON,,false,,additional_verified_csv_2026_09_22,additional_verified_csv_2026_09_22::FA_R4_6630592443
FA_R4_6630592443_S0002,FA_R4_6630592443,Yujun Qiao,CON,Comments to PRO,You did not properly responded to the opponent’s budget redistribution logic that subsidy amounts can be freely raised by shifting fiscal funds.,"For speaker 1: Your core framework focused on structural childcare shortages and long-term human capital gains, but you failed to deliver targeted rebuttals against the Con’s most critical attacks in crossfire.",I suggest that you prepare counter- evidence for family kinship care and fiscal sustainability questions beforehand.,1,CON,,false,,additional_verified_csv_2026_09_22,additional_verified_csv_2026_09_22::FA_R4_6630592443
FA_R4_6630592443_S0014,FA_R4_6630592443,Yujun Qiao,CON,Reason for Decision,I voted for the con side.,,Clash 1: Pro argued the annual subsidy was too tiny to bridge childcare affordability gaps.,2,CON,,false,,additional_verified_csv_2026_09_22,additional_verified_csv_2026_09_22::FA_R4_6630592443
FA_R4_6630592443_S0017,FA_R4_6630592443,Yujun Qiao,CON,Reason for Decision,"With official fiscal data and the practical experience of Tianmen’s high local subsidies as proof, Con demonstrated subsidies can be greatly raised, completely defeating Pro’s argument on insufficient subsidy volume.","Con pointed out the total fiscal budget is fixed, so diverting funds from public childcare can enlarge the subsidy budget directly.",Con wins this clash.,1,CON,,false,,additional_verified_csv_2026_09_22,additional_verified_csv_2026_09_22::FA_R4_6630592443
FA_R4_6630592443_S0021,FA_R4_6630592443,Yujun Qiao,CON,Reason for Decision,"Public childcare brings few marginal benefits to female employment, pro’s reasoning loses its foundation.",Con cited national survey data showing most toddlers are cared for by family relatives instead of formal institutions.,Con wins this clash.,1,CON,,false,,additional_verified_csv_2026_09_22,additional_verified_csv_2026_09_22::FA_R4_6630592443
FA_R4_6630592443_S0025,FA_R4_6630592443,Yujun Qiao,CON,Reason for Decision,"More importantly, Pro offered no valid evidence to verify that expanding public childcare can boost birth rates.","Con refuted that public childcare requires continuous spending on maintenance, utilities and staff training after construction.",Con wins this clash.,1,CON,,false,,additional_verified_csv_2026_09_22,additional_verified_csv_2026_09_22::FA_R4_6630592443
FA_R4_6630592443_S0022,FA_R4_6630592443,Yujun Qiao,CON,Reason for Decision,Con wins this clash.,"Public childcare brings few marginal benefits to female employment, pro’s reasoning loses its foundation.",Clash 3: Pro argues that public childcare is consistent human capital investment with lasting value.,1,CON,,false,,additional_verified_csv_2026_09_22,additional_verified_csv_2026_09_22::FA_R4_6630592443
FA_R4_3129832024_S0007,FA_R4_3129832024,Feifei Zhang,CON,Reason for Decision,I vote for CON.,,"PRO explained well why childcare can reduce pressure on working parents, but they never proved the crucial link that expanding public childcare would meaningfully increase second- or third-birth rates.",2,CON,,false,,additional_verified_csv_2026_09_22,additional_verified_csv_2026_09_22::FA_R4_3129832024
FA_R4_3129832024_S0005,FA_R4_3129832024,Feifei Zhang,CON,Comments to CON,Your strongest move was asking whether PRO could actually prove that childcare expansion leads to more births.,"You were organized and efficient, especially in explaining flexibility, timeframe, and the cultural preference for family-based childcare.","Keep your tone a little less aggressive in crossfire, but continue crystallizing the round around the most decisive question: which policy can reduce family anxiety soon enough, for the widest range of families?",1,CON,,false,,additional_verified_csv_2026_09_22,additional_verified_csv_2026_09_22::FA_R4_3129832024
FA_R4_3129832024_S0008,FA_R4_3129832024,Feifei Zhang,CON,Reason for Decision,"PRO explained well why childcare can reduce pressure on working parents, but they never proved the crucial link that expanding public childcare would meaningfully increase second- or third-birth rates.",I vote for CON.,"CON gave the clearer comparison: subsidies are more flexible for different families, can act faster in a population crisis, and may support childcare through several channels rather than one public system.",1,CON,,false,,additional_verified_csv_2026_09_22,additional_verified_csv_2026_09_22::FA_R4_3129832024
FA_R4_3129832024_S0010,FA_R4_3129832024,Feifei Zhang,CON,Reason for Decision,"Most importantly, CON directly challenged PRO’s assumption that families would choose public childcare, while PRO did not adequately answer the trust, culture, and usage concerns.","CON gave the clearer comparison: subsidies are more flexible for different families, can act faster in a population crisis, and may support childcare through several channels rather than one public system.",,2,CON,,false,,additional_verified_csv_2026_09_22,additional_verified_csv_2026_09_22::FA_R4_3129832024
FA_R4_5779236286_S0011,FA_R4_5779236286,Ran Guo,PRO,Comments to CON,"I don't see much impact of your case, especially responding to population growth; why would you pursue better children and better parental ties over population growth?",2.,3.,1,PRO,,false,,additional_verified_csv_2026_09_22,additional_verified_csv_2026_09_22::FA_R4_5779236286
FA_R4_5779236286_S0016,FA_R4_5779236286,Ran Guo,PRO,Reason for Decision,Pro provides a solvency to population decline while con does not.,Pro proves to me that women's willingness to give birth is the root cause of population decline.,"Con's entire case is offense, but why would child subsidy solve population decline?",2,PRO,,false,,additional_verified_csv_2026_09_22,additional_verified_csv_2026_09_22::FA_R4_5779236286
FA_R4_5779236286_S0018,FA_R4_5779236286,Ran Guo,PRO,Reason for Decision,-- this is something that Con did not explain or defend clearly.,"Con's entire case is offense, but why would child subsidy solve population decline?","Con's strongest evidence on urban bias address the status quo, but not how future public childcare might play out.",1,PRO,,false,,additional_verified_csv_2026_09_22,additional_verified_csv_2026_09_22::FA_R4_5779236286
FA_R4_5869028759_S0017,FA_R4_5869028759,Guixian Li,PRO,Reason for Decision,I vote for pro side for the following reasons.,It is a great debate with established arguments and good crossfire.,"First, compared to the arguments, pro’s arguments are more practical and established with more intact logic chain to tell us how the low income families need better children care and tell us it can help women have jobs and increase the family income.",2,PRO,,false,,additional_verified_csv_2026_09_22,additional_verified_csv_2026_09_22::FA_R4_5869028759
FA_R4_5869028759_S0018,FA_R4_5869028759,Guixian Li,PRO,Reason for Decision,"First, compared to the arguments, pro’s arguments are more practical and established with more intact logic chain to tell us how the low income families need better children care and tell us it can help women have jobs and increase the family income.",I vote for pro side for the following reasons.,But con’s arguments are not so concrete and using many evidence and lack some of the logic chain to tell us why the financial problem is important and what the urgency is.,2,PRO,,false,,additional_verified_csv_2026_09_22,additional_verified_csv_2026_09_22::FA_R4_5869028759
FA_R4_5869028759_S0019,FA_R4_5869028759,Guixian Li,PRO,Reason for Decision,But con’s arguments are not so concrete and using many evidence and lack some of the logic chain to tell us why the financial problem is important and what the urgency is.,"First, compared to the arguments, pro’s arguments are more practical and established with more intact logic chain to tell us how the low income families need better children care and tell us it can help women have jobs and increase the family income.","And a kinder reminder for both side is that in your crossfire , you need to focus more on your argument rather than other things, such as in one clash you talk about the covid-19 more but how it affect your arguments less.",1,PRO,,false,,additional_verified_csv_2026_09_22,additional_verified_csv_2026_09_22::FA_R4_5869028759
FA_R4_5869028759_S0021,FA_R4_5869028759,Guixian Li,PRO,Reason for Decision,"Based on these, I vote for pro side.","And a kinder reminder for both side is that in your crossfire , you need to focus more on your argument rather than other things, such as in one clash you talk about the covid-19 more but how it affect your arguments less.",,2,PRO,,false,,additional_verified_csv_2026_09_22,additional_verified_csv_2026_09_22::FA_R4_5869028759
FA_R4_6959935294_S0004,FA_R4_6959935294,Yiqi Kang,PRO,Comments to PRO,To Speaker 2: Your rebuttal and summary speeches secured the win.,"For future rounds, avoid getting bogged down in abstract budget math during Q&A and pivot straight back to your core policy impacts.",Exposing the flaw in Con’s marriage-to-birth link and introducing the housing inflation turn were great strategic moves.,2,PRO,,false,,additional_verified_csv_2026_09_22,additional_verified_csv_2026_09_22::FA_R4_6959935294
FA_R4_6959935294_S0005,FA_R4_6959935294,Yiqi Kang,PRO,Comments to PRO,Exposing the flaw in Con’s marriage-to-birth link and introducing the housing inflation turn were great strategic moves.,To Speaker 2: Your rebuttal and summary speeches secured the win.,"Your Final Focus was concise, persuasive, and gave a clear framework to weigh the round in your favor.",1,PRO,,false,,additional_verified_csv_2026_09_22,additional_verified_csv_2026_09_22::FA_R4_6959935294
FA_R4_6959935294_S0012,FA_R4_6959935294,Yiqi Kang,PRO,Reason for Decision,Pro won the core clash on increasing fertility rates and easing the motherhood penalty.,,"Pro successfully exposed a major logical gap in Con’s primary link: while most of Chinese births occur within marriage, raising marriage rates alone does not guarantee more births if time constraints and career costs remain unaddressed.",2,PRO,,false,,additional_verified_csv_2026_09_22,additional_verified_csv_2026_09_22::FA_R4_6959935294
FA_R4_6959935294_S0013,FA_R4_6959935294,Yiqi Kang,PRO,Reason for Decision,"Pro successfully exposed a major logical gap in Con’s primary link: while most of Chinese births occur within marriage, raising marriage rates alone does not guarantee more births if time constraints and career costs remain unaddressed.",Pro won the core clash on increasing fertility rates and easing the motherhood penalty.,"Pro proved that public childcare directly solves time poverty, enabling mothers to rejoin the workforce and boost earnings.",1,PRO,,false,,additional_verified_csv_2026_09_22,additional_verified_csv_2026_09_22::FA_R4_6959935294
FA_R4_6959935294_S0015,FA_R4_6959935294,Yiqi Kang,PRO,Reason for Decision,"Pro provided a clearer, empirically backed mechanism directly linking childcare to higher birth probabilities.","Pro proved that public childcare directly solves time poverty, enabling mothers to rejoin the workforce and boost earnings.",,1,PRO,,false,,additional_verified_csv_2026_09_22,additional_verified_csv_2026_09_22::FA_R4_6959935294
FB_R4_3129832024_S0005,FB_R4_3129832024,Feifei Zhang,PRO,Reason for Decision,I vote for PRO.,,"PRO better explained that the problem is not only whether parents can afford one child, but whether they have reliable time and professional care to keep working and raise that child; small subsidies do not solve that gap.",2,PRO,,false,,additional_verified_csv_2026_09_22,additional_verified_csv_2026_09_22::FB_R4_3129832024
FB_R4_3129832024_S0006,FB_R4_3129832024,Feifei Zhang,PRO,Reason for Decision,"PRO better explained that the problem is not only whether parents can afford one child, but whether they have reliable time and professional care to keep working and raise that child; small subsidies do not solve that gap.",I vote for PRO.,"CON’s Final Focus on cost, choice, and speed was well delivered, but CON did not clearly show how its subsidy level would create a meaningful birth-rate impact, while PRO effectively challenged the affordability and budget logic.",1,PRO,,false,,additional_verified_csv_2026_09_22,additional_verified_csv_2026_09_22::FB_R4_3129832024
FB_R4_3129832024_S0007,FB_R4_3129832024,Feifei Zhang,PRO,Reason for Decision,"CON’s Final Focus on cost, choice, and speed was well delivered, but CON did not clearly show how its subsidy level would create a meaningful birth-rate impact, while PRO effectively challenged the affordability and budget logic.","PRO better explained that the problem is not only whether parents can afford one child, but whether they have reliable time and professional care to keep working and raise that child; small subsidies do not solve that gap.",,2,PRO,,false,,additional_verified_csv_2026_09_22,additional_verified_csv_2026_09_22::FB_R4_3129832024
FB_R4_5869028759_S0012,FB_R4_5869028759,Guixian Li,PRO,Reason for Decision,"Both teams really perform great in establishing the arguments and giving rebuttal in this debate, but I finally vote for pro side for the following reasons.",,First and the most important is the arguments.,2,PRO,,false,,additional_verified_csv_2026_09_22,additional_verified_csv_2026_09_22::FB_R4_5869028759
FB_R4_5869028759_S0017,FB_R4_5869028759,Guixian Li,PRO,Reason for Decision,"Second, pro’s this argument is not be rebutted by the con side but pro undermine con’s arguments in the debate.",But con’ arguments are more like giving us evidence rather than the extension of the argument.,"Based on this, I vote for the pro side.",2,PRO,,false,,additional_verified_csv_2026_09_22,additional_verified_csv_2026_09_22::FB_R4_5869028759
FB_R4_8845183645_S0010,FB_R4_8845183645,Xiaotian Yang,PRO,Comments to PRO,Overall perfect attacks and defends!,"Make the extension more structured by explicitly comparing mechanisms, feasibility, and timeline rather than returning repeatedly to the same childcare advantage.",,1,PRO,,false,,additional_verified_csv_2026_09_22,additional_verified_csv_2026_09_22::FB_R4_8845183645
FB_R4_8845183645_S0018,FB_R4_8845183645,Xiaotian Yang,PRO,Comments to CON,Con's strongest argument is that subsidies create immediate incentives and avoid the difficulty of building a nationwide childcare system.,"However, some responses focused more on attacking childcare limitations rather than proving why subsidies are comparatively better.","However, the round does not establish that financial incentives are strong enough to overcome the larger structural barriers.",1,CON,,false,,additional_verified_csv_2026_09_22,additional_verified_csv_2026_09_22::FB_R4_8845183645
FB_R4_8845183645_S0022,FB_R4_8845183645,Xiaotian Yang,PRO,Reason for Decision,Pro wins this comparison because they provide a clearer causal mechanism: many potential parents are discouraged not only by expenses but by the difficulty of balancing childcare responsibilities with work and personal development.,The voting issue in this round is whether population decline is primarily caused by a lack of money or by the practical burden of raising children.,"On feasibility, Con raises valid concerns about implementation, but Pro provides responses about using existing facilities and improving resource utilization.",2,PRO,,false,,additional_verified_csv_2026_09_22,additional_verified_csv_2026_09_22::FB_R4_8845183645
FB_R4_8845183645_S0023,FB_R4_8845183645,Xiaotian Yang,PRO,Reason for Decision,"On feasibility, Con raises valid concerns about implementation, but Pro provides responses about using existing facilities and improving resource utilization.",Pro wins this comparison because they provide a clearer causal mechanism: many potential parents are discouraged not only by expenses but by the difficulty of balancing childcare responsibilities with work and personal development.,"Given the urgency of population decline, Pro’s argument that childcare addresses the root cause while subsidies only partially reduce costs is more convincing.",1,PRO,,false,,additional_verified_csv_2026_09_22,additional_verified_csv_2026_09_22::FB_R4_8845183645
FB_R4_8845183645_S0024,FB_R4_8845183645,Xiaotian Yang,PRO,Reason for Decision,"Given the urgency of population decline, Pro’s argument that childcare addresses the root cause while subsidies only partially reduce costs is more convincing.","On feasibility, Con raises valid concerns about implementation, but Pro provides responses about using existing facilities and improving resource utilization.",I therefore voted Pro,1,PRO,,false,,additional_verified_csv_2026_09_22,additional_verified_csv_2026_09_22::FB_R4_8845183645
FB_R4_8845183645_S0025,FB_R4_8845183645,Xiaotian Yang,PRO,Reason for Decision,I therefore voted Pro,"Given the urgency of population decline, Pro’s argument that childcare addresses the root cause while subsidies only partially reduce costs is more convincing.",,2,PRO,,false,,additional_verified_csv_2026_09_22,additional_verified_csv_2026_09_22::FB_R4_8845183645